article_sku;category_name;foreign_key_sql
;;
871530694;Mens Slim Fit Jeans;(SELECT uuid FROM subcategory WHERE category_name='Mens Slim Fit Jeans')
1774083175;Mens Jeans;(SELECT uuid FROM subcategory WHERE category_name='Mens Jeans')
5702523237;Golf Shirts;(SELECT uuid FROM subcategory WHERE category_name='Golf Shirts')
3475370853;Cooling Sheets;(SELECT uuid FROM subcategory WHERE category_name='Cooling Sheets')
1792864118;Womens Leggings;(SELECT uuid FROM subcategory WHERE category_name='Womens Leggings')
6918363302;Womens Pajama Sets;(SELECT uuid FROM subcategory WHERE category_name='Womens Pajama Sets')
1807242420;Bed Sheets;(SELECT uuid FROM subcategory WHERE category_name='Bed Sheets')
5028919789;Mens Jeans;(SELECT uuid FROM subcategory WHERE category_name='Mens Jeans')
1231760315;Baby Girls Casual Dresses;(SELECT uuid FROM subcategory WHERE category_name='Baby Girls Casual Dresses')
6045904134;Dresses;(SELECT uuid FROM subcategory WHERE category_name='Dresses')
5209344136;Mens Character Shop;(SELECT uuid FROM subcategory WHERE category_name='Mens Character Shop')
1210385172;Toddler Bedding Sets & Sheets;(SELECT uuid FROM subcategory WHERE category_name='Toddler Bedding Sets & Sheets')
1950697931;Womens Tank Tops;(SELECT uuid FROM subcategory WHERE category_name='Womens Tank Tops')
602748918;Mens Movies and TV Tees;(SELECT uuid FROM subcategory WHERE category_name='Mens Movies and TV Tees')
5502936471;Girls Dress Shoes;(SELECT uuid FROM subcategory WHERE category_name='Girls Dress Shoes')
5344195287;Denim Dressing;(SELECT uuid FROM subcategory WHERE category_name='Denim Dressing')
1317644392;Plus Size Pants;(SELECT uuid FROM subcategory WHERE category_name='Plus Size Pants')
784626947;Womens Athletic Shorts;(SELECT uuid FROM subcategory WHERE category_name='Womens Athletic Shorts')
1084361448;Womens Blouses;(SELECT uuid FROM subcategory WHERE category_name='Womens Blouses')
385780287;Womens Booties;(SELECT uuid FROM subcategory WHERE category_name='Womens Booties')
2968552747;Baby Boys Casual Outfit Sets;(SELECT uuid FROM subcategory WHERE category_name='Baby Boys Casual Outfit Sets')
903463722;Mens Work Uniforms;(SELECT uuid FROM subcategory WHERE category_name='Mens Work Uniforms')
5480667546;Mens Oxfords Shoes;(SELECT uuid FROM subcategory WHERE category_name='Mens Oxfords Shoes')
1570467303;Womens White Dresses;(SELECT uuid FROM subcategory WHERE category_name='Womens White Dresses')
1491092992;Cooling Sheets;(SELECT uuid FROM subcategory WHERE category_name='Cooling Sheets')
2126911017;Mens Denim Shorts;(SELECT uuid FROM subcategory WHERE category_name='Mens Denim Shorts')
54973324;Fabric Tablecloths;(SELECT uuid FROM subcategory WHERE category_name='Fabric Tablecloths')
100662878;Mens Pajamas and Robes;(SELECT uuid FROM subcategory WHERE category_name='Mens Pajamas and Robes')
381553241;Mens Work Pants;(SELECT uuid FROM subcategory WHERE category_name='Mens Work Pants')
1699095797;Plus Size Tshirts;(SELECT uuid FROM subcategory WHERE category_name='Plus Size Tshirts')
265927683;Mens Graphic Tees;(SELECT uuid FROM subcategory WHERE category_name='Mens Graphic Tees')
3644855526;Cooling Sheets;(SELECT uuid FROM subcategory WHERE category_name='Cooling Sheets')
832929384;Football Pants;(SELECT uuid FROM subcategory WHERE category_name='Football Pants')
780851550;Plus Size Dresses;(SELECT uuid FROM subcategory WHERE category_name='Plus Size Dresses')
318615006;Plus Size Dresses;(SELECT uuid FROM subcategory WHERE category_name='Plus Size Dresses')
255946326;Mens Movies and TV Tees;(SELECT uuid FROM subcategory WHERE category_name='Mens Movies and TV Tees')
455894581;Mens Pullover Sweaters;(SELECT uuid FROM subcategory WHERE category_name='Mens Pullover Sweaters')
3204034213;Cooling Sheets;(SELECT uuid FROM subcategory WHERE category_name='Cooling Sheets')
1226940529;Stickers;(SELECT uuid FROM subcategory WHERE category_name='Stickers')
3463158651;Cooling Sheets;(SELECT uuid FROM subcategory WHERE category_name='Cooling Sheets')
2580740549;NFL Flags;(SELECT uuid FROM subcategory WHERE category_name='NFL Flags')
5658552152;Toddler Dress Shoes;(SELECT uuid FROM subcategory WHERE category_name='Toddler Dress Shoes')
273277798;Mens Slim Fit Jeans;(SELECT uuid FROM subcategory WHERE category_name='Mens Slim Fit Jeans')
54973396;Fabric Tablecloths;(SELECT uuid FROM subcategory WHERE category_name='Fabric Tablecloths')
213773091;Mens Movies and TV Tees;(SELECT uuid FROM subcategory WHERE category_name='Mens Movies and TV Tees')
3265623525;Cooling Sheets;(SELECT uuid FROM subcategory WHERE category_name='Cooling Sheets')
5255412427;Mens Character Shop;(SELECT uuid FROM subcategory WHERE category_name='Mens Character Shop')
1828984385;Boys Outfit Sets;(SELECT uuid FROM subcategory WHERE category_name='Boys Outfit Sets')
642212399;Womens One-piece Swimsuits;(SELECT uuid FROM subcategory WHERE category_name='Womens One-piece Swimsuits')
1871888846;Plus Size Dresses;(SELECT uuid FROM subcategory WHERE category_name='Plus Size Dresses')
469835808;Plus Size Dresses;(SELECT uuid FROM subcategory WHERE category_name='Plus Size Dresses')
1850447630;Girls Coats and Jackets;(SELECT uuid FROM subcategory WHERE category_name='Girls Coats and Jackets')
1195507675;Mens Movies and TV Tees;(SELECT uuid FROM subcategory WHERE category_name='Mens Movies and TV Tees')
5602300945;Cars & SUV Toys;(SELECT uuid FROM subcategory WHERE category_name='Cars & SUV Toys')
45087015;All Area Rugs;(SELECT uuid FROM subcategory WHERE category_name='All Area Rugs')
5442868412;Womens Swimsuit Bottoms;(SELECT uuid FROM subcategory WHERE category_name='Womens Swimsuit Bottoms')
3192640084;Toddler Girls One-piece Swimsuits;(SELECT uuid FROM subcategory WHERE category_name='Toddler Girls One-piece Swimsuits')
5168635291;Mens Movies and TV Tees;(SELECT uuid FROM subcategory WHERE category_name='Mens Movies and TV Tees')
1435905497;Toddler Bedding Sets & Sheets;(SELECT uuid FROM subcategory WHERE category_name='Toddler Bedding Sets & Sheets')
2727778509;Wedge Heels;(SELECT uuid FROM subcategory WHERE category_name='Wedge Heels')
333588477;Womens Sweaters;(SELECT uuid FROM subcategory WHERE category_name='Womens Sweaters')
1421142720;Womens Slides;(SELECT uuid FROM subcategory WHERE category_name='Womens Slides')
1113666022;Toddler Bedding Sets & Sheets;(SELECT uuid FROM subcategory WHERE category_name='Toddler Bedding Sets & Sheets')
833969367;Princess Baby & Toddler Costumes;(SELECT uuid FROM subcategory WHERE category_name='Princess Baby & Toddler Costumes')
2335720771;Cooling Sheets;(SELECT uuid FROM subcategory WHERE category_name='Cooling Sheets')
5784496986;Boys Athletic Shorts and Pants;(SELECT uuid FROM subcategory WHERE category_name='Boys Athletic Shorts and Pants')
334694770;Womens Hoodies;(SELECT uuid FROM subcategory WHERE category_name='Womens Hoodies')
855837951;High Heels;(SELECT uuid FROM subcategory WHERE category_name='High Heels')
942432062;Mens Graphic Tees;(SELECT uuid FROM subcategory WHERE category_name='Mens Graphic Tees')
1796059258;Womens Dresses;(SELECT uuid FROM subcategory WHERE category_name='Womens Dresses')
842910182;Womens Workwear Blouses;(SELECT uuid FROM subcategory WHERE category_name='Womens Workwear Blouses')
5588310453;Womens Tank Tops;(SELECT uuid FROM subcategory WHERE category_name='Womens Tank Tops')
3789037962;Womens Pajama Sets;(SELECT uuid FROM subcategory WHERE category_name='Womens Pajama Sets')
446839423;Toddler Bedding Sets & Sheets;(SELECT uuid FROM subcategory WHERE category_name='Toddler Bedding Sets & Sheets')
1189249949;Plus Size Tops;(SELECT uuid FROM subcategory WHERE category_name='Plus Size Tops')
1549752693;Womens Flat Sandals;(SELECT uuid FROM subcategory WHERE category_name='Womens Flat Sandals')
5358743094;Toddler Girls Casual Dresses;(SELECT uuid FROM subcategory WHERE category_name='Toddler Girls Casual Dresses')
1699667139;Toddler Bedding Sets & Sheets;(SELECT uuid FROM subcategory WHERE category_name='Toddler Bedding Sets & Sheets')
934585361;Mini Dresses;(SELECT uuid FROM subcategory WHERE category_name='Mini Dresses')
1597346185;Mens Cardigans and Zip-up Sweaters;(SELECT uuid FROM subcategory WHERE category_name='Mens Cardigans and Zip-up Sweaters')
1993962962;Tennis Skirts;(SELECT uuid FROM subcategory WHERE category_name='Tennis Skirts')
5291664103;Womens Blouses;(SELECT uuid FROM subcategory WHERE category_name='Womens Blouses')
3795586746;Mens Workout Shirts;(SELECT uuid FROM subcategory WHERE category_name='Mens Workout Shirts')
1939989912;Plus Size Jeans;(SELECT uuid FROM subcategory WHERE category_name='Plus Size Jeans')
6838112687;Big and Tall Pajama Bottoms;(SELECT uuid FROM subcategory WHERE category_name='Big and Tall Pajama Bottoms')
702951316;Womens Activewear;(SELECT uuid FROM subcategory WHERE category_name='Womens Activewear')
1571055544;Plus Size Tshirts;(SELECT uuid FROM subcategory WHERE category_name='Plus Size Tshirts')
389782477;Frozen Sandwiches;(SELECT uuid FROM subcategory WHERE category_name='Frozen Sandwiches')
1921006587;Womens Skirts;(SELECT uuid FROM subcategory WHERE category_name='Womens Skirts')
109158823;Womens Plus Swimsuits;(SELECT uuid FROM subcategory WHERE category_name='Womens Plus Swimsuits')
3929420089;Wolverine Boots;(SELECT uuid FROM subcategory WHERE category_name='Wolverine Boots')
434475523;Bed Skirts;(SELECT uuid FROM subcategory WHERE category_name='Bed Skirts')
5498695276;Mens Casual Button Down Shirts;(SELECT uuid FROM subcategory WHERE category_name='Mens Casual Button Down Shirts')
903980841;Bed Skirts;(SELECT uuid FROM subcategory WHERE category_name='Bed Skirts')
2975640420;Womens Tops;(SELECT uuid FROM subcategory WHERE category_name='Womens Tops')
161657830;King Duvet Covers;(SELECT uuid FROM subcategory WHERE category_name='King Duvet Covers')
2097897368;Mens Cargo Pants;(SELECT uuid FROM subcategory WHERE category_name='Mens Cargo Pants')
1208578847;Mens Hiking Pants;(SELECT uuid FROM subcategory WHERE category_name='Mens Hiking Pants')
949530610;Mens T-Shirts;(SELECT uuid FROM subcategory WHERE category_name='Mens T-Shirts')
1272327282;Bathroom Rugs;(SELECT uuid FROM subcategory WHERE category_name='Bathroom Rugs')
827790002;Pillowcases;(SELECT uuid FROM subcategory WHERE category_name='Pillowcases')
696459227;Hanes Mens T-Shirts;(SELECT uuid FROM subcategory WHERE category_name='Hanes Mens T-Shirts')
2417910874;Womens Slides;(SELECT uuid FROM subcategory WHERE category_name='Womens Slides')
5263061917;Womens Plus Skirts;(SELECT uuid FROM subcategory WHERE category_name='Womens Plus Skirts')
5455085483;Tshirts for Women;(SELECT uuid FROM subcategory WHERE category_name='Tshirts for Women')
5579917144;Womens Tops;(SELECT uuid FROM subcategory WHERE category_name='Womens Tops')
5336951329;Couch Covers;(SELECT uuid FROM subcategory WHERE category_name='Couch Covers')
5005432766;Shop Curtains;(SELECT uuid FROM subcategory WHERE category_name='Shop Curtains')
627541260;Mens Slippers;(SELECT uuid FROM subcategory WHERE category_name='Mens Slippers')
5215677549;Womens Plus Swimsuits;(SELECT uuid FROM subcategory WHERE category_name='Womens Plus Swimsuits')
921370451;Fruit of the Loom Mens T-Shirts;(SELECT uuid FROM subcategory WHERE category_name='Fruit of the Loom Mens T-Shirts')
447982675;Mens Workout Shirts;(SELECT uuid FROM subcategory WHERE category_name='Mens Workout Shirts')
557735516;Beach Towels;(SELECT uuid FROM subcategory WHERE category_name='Beach Towels')
1639387353;Propane Gas Grills;(SELECT uuid FROM subcategory WHERE category_name='Propane Gas Grills')
751510659;Womens Athletic Shorts;(SELECT uuid FROM subcategory WHERE category_name='Womens Athletic Shorts')
730250943;Aftershaves;(SELECT uuid FROM subcategory WHERE category_name='Aftershaves')
944207748;Ballet Flats;(SELECT uuid FROM subcategory WHERE category_name='Ballet Flats')
908201566;All Cat Feeders, Fountains, and Bowls;(SELECT uuid FROM subcategory WHERE category_name='All Cat Feeders, Fountains, and Bowls')
723389733;Fitted Sheets;(SELECT uuid FROM subcategory WHERE category_name='Fitted Sheets')
5702032013;Womens Two Piece Sets;(SELECT uuid FROM subcategory WHERE category_name='Womens Two Piece Sets')
896931395;Plus Size Tshirts;(SELECT uuid FROM subcategory WHERE category_name='Plus Size Tshirts')
3824041405;Jessica London;(SELECT uuid FROM subcategory WHERE category_name='Jessica London')
1462273455;Shoelaces;(SELECT uuid FROM subcategory WHERE category_name='Shoelaces')
2416048003;Shop Curtains;(SELECT uuid FROM subcategory WHERE category_name='Shop Curtains')
5642502722;All Baseball Gear & Equipments;(SELECT uuid FROM subcategory WHERE category_name='All Baseball Gear & Equipments')
5495892018;All Baseball Gear & Equipments;(SELECT uuid FROM subcategory WHERE category_name='All Baseball Gear & Equipments')
2038024335;Plus Size Jeans;(SELECT uuid FROM subcategory WHERE category_name='Plus Size Jeans')
848798939;Shop all Snack Bars;(SELECT uuid FROM subcategory WHERE category_name='Shop all Snack Bars')
5955601910;Womens Two Piece Sets;(SELECT uuid FROM subcategory WHERE category_name='Womens Two Piece Sets')
851807311;Mens Movies and TV Tees;(SELECT uuid FROM subcategory WHERE category_name='Mens Movies and TV Tees')
976679489;Cardigans for Women;(SELECT uuid FROM subcategory WHERE category_name='Cardigans for Women')
5374836043;Womens Swimsuit Bottoms;(SELECT uuid FROM subcategory WHERE category_name='Womens Swimsuit Bottoms')
5492294359;All Baseball Gear & Equipments;(SELECT uuid FROM subcategory WHERE category_name='All Baseball Gear & Equipments')
2354001915;Shop Curtains;(SELECT uuid FROM subcategory WHERE category_name='Shop Curtains')
121961080;Mens Workout Shirts;(SELECT uuid FROM subcategory WHERE category_name='Mens Workout Shirts')
348114719;Mens Workout Shirts;(SELECT uuid FROM subcategory WHERE category_name='Mens Workout Shirts')
156310639;Womens Tank Tops;(SELECT uuid FROM subcategory WHERE category_name='Womens Tank Tops')
5494180543;All Baseball Gear & Equipments;(SELECT uuid FROM subcategory WHERE category_name='All Baseball Gear & Equipments')
2720154126;Womens Tank Tops;(SELECT uuid FROM subcategory WHERE category_name='Womens Tank Tops')
5242338628;Plus Size Tops;(SELECT uuid FROM subcategory WHERE category_name='Plus Size Tops')
1445507060;Bikinis;(SELECT uuid FROM subcategory WHERE category_name='Bikinis')
33685485;Maybelline Lip Makeup;(SELECT uuid FROM subcategory WHERE category_name='Maybelline Lip Makeup')
3572144286;Mens Polo Shirts;(SELECT uuid FROM subcategory WHERE category_name='Mens Polo Shirts')
517880131;Shop All Patio Furniture;(SELECT uuid FROM subcategory WHERE category_name='Shop All Patio Furniture')
890933549;Plus Size Tshirts;(SELECT uuid FROM subcategory WHERE category_name='Plus Size Tshirts')
228477707;Mens Multivitamins;(SELECT uuid FROM subcategory WHERE category_name='Mens Multivitamins')
5663974279;Conditioning Hair Color;(SELECT uuid FROM subcategory WHERE category_name='Conditioning Hair Color')
5258541526;Womens Flip Flops;(SELECT uuid FROM subcategory WHERE category_name='Womens Flip Flops')
1204774750;Womens Dress Boots;(SELECT uuid FROM subcategory WHERE category_name='Womens Dress Boots')
5172205930;Orthopedic Dog Beds;(SELECT uuid FROM subcategory WHERE category_name='Orthopedic Dog Beds')
5422818479;Womens Athletic Shorts;(SELECT uuid FROM subcategory WHERE category_name='Womens Athletic Shorts')
2570740977;Slipcovers;(SELECT uuid FROM subcategory WHERE category_name='Slipcovers')
6195974233;Plus Size Tshirts;(SELECT uuid FROM subcategory WHERE category_name='Plus Size Tshirts')
3957741810;Womens Pants;(SELECT uuid FROM subcategory WHERE category_name='Womens Pants')
2749504314;Womens One-piece Swimsuits;(SELECT uuid FROM subcategory WHERE category_name='Womens One-piece Swimsuits')
1426167428;Big and Tall Graphic Tees;(SELECT uuid FROM subcategory WHERE category_name='Big and Tall Graphic Tees')
5219876777;Boys Athletic Shirts;(SELECT uuid FROM subcategory WHERE category_name='Boys Athletic Shirts')
5448526212;Womens One-piece Swimsuits;(SELECT uuid FROM subcategory WHERE category_name='Womens One-piece Swimsuits')
5313791616;Boys Athletic Shirts;(SELECT uuid FROM subcategory WHERE category_name='Boys Athletic Shirts')
5170388947;Young Adult Swimsuits;(SELECT uuid FROM subcategory WHERE category_name='Young Adult Swimsuits')
999564173;All Runner Rugs;(SELECT uuid FROM subcategory WHERE category_name='All Runner Rugs')
757642095;Mens Boots;(SELECT uuid FROM subcategory WHERE category_name='Mens Boots')
6774065013;Womens Pants;(SELECT uuid FROM subcategory WHERE category_name='Womens Pants')
5146321102;Shop Bedding;(SELECT uuid FROM subcategory WHERE category_name='Shop Bedding')
5226395312;Mens Polo Shirts;(SELECT uuid FROM subcategory WHERE category_name='Mens Polo Shirts')
5395428588;Casual Dresses;(SELECT uuid FROM subcategory WHERE category_name='Casual Dresses')
727520383;Cooling Sheets;(SELECT uuid FROM subcategory WHERE category_name='Cooling Sheets')
5366405121;Look Good While Working Out;(SELECT uuid FROM subcategory WHERE category_name='Look Good While Working Out')
606542584;Bed Sheets;(SELECT uuid FROM subcategory WHERE category_name='Bed Sheets')
5359370591;Womens Athletic Shorts;(SELECT uuid FROM subcategory WHERE category_name='Womens Athletic Shorts')
5636674604;Womens Pants;(SELECT uuid FROM subcategory WHERE category_name='Womens Pants')
6915065353;Plus Size Tops;(SELECT uuid FROM subcategory WHERE category_name='Plus Size Tops')
5548502355;Womens Blouses;(SELECT uuid FROM subcategory WHERE category_name='Womens Blouses')
281970524;Womens One-piece Swimsuits;(SELECT uuid FROM subcategory WHERE category_name='Womens One-piece Swimsuits')
442943934;Womens One-piece Swimsuits;(SELECT uuid FROM subcategory WHERE category_name='Womens One-piece Swimsuits')
388405730;Flat Sheets;(SELECT uuid FROM subcategory WHERE category_name='Flat Sheets')
40331232;Mens Workout Clothing;(SELECT uuid FROM subcategory WHERE category_name='Mens Workout Clothing')
1217339941;Plus Size Tops;(SELECT uuid FROM subcategory WHERE category_name='Plus Size Tops')
744949530;Microfiber Sheets;(SELECT uuid FROM subcategory WHERE category_name='Microfiber Sheets')
5291608666;Pillowcases;(SELECT uuid FROM subcategory WHERE category_name='Pillowcases')
1892659971;Womens Nightshirts & Gowns;(SELECT uuid FROM subcategory WHERE category_name='Womens Nightshirts & Gowns')
926616414;All Area Rugs;(SELECT uuid FROM subcategory WHERE category_name='All Area Rugs')
3043754728;Womens Activewear;(SELECT uuid FROM subcategory WHERE category_name='Womens Activewear')
5661609867;Red Hair Dye;(SELECT uuid FROM subcategory WHERE category_name='Red Hair Dye')
829098148;Kids Sheets;(SELECT uuid FROM subcategory WHERE category_name='Kids Sheets')
5395277312;High School Supplies;(SELECT uuid FROM subcategory WHERE category_name='High School Supplies')
2348411906;Comforter Sets;(SELECT uuid FROM subcategory WHERE category_name='Comforter Sets')
1728596655;All Cat Food;(SELECT uuid FROM subcategory WHERE category_name='All Cat Food')
412531616;Comforter Sets;(SELECT uuid FROM subcategory WHERE category_name='Comforter Sets')
528993905;Womens Blouses;(SELECT uuid FROM subcategory WHERE category_name='Womens Blouses')
110779998;High Heels;(SELECT uuid FROM subcategory WHERE category_name='High Heels')
1017487270;Block Heels;(SELECT uuid FROM subcategory WHERE category_name='Block Heels')
3723312924;Shop Curtains;(SELECT uuid FROM subcategory WHERE category_name='Shop Curtains')
2872285813;Shop Curtains;(SELECT uuid FROM subcategory WHERE category_name='Shop Curtains')
606223683;Duvet Cover Sets;(SELECT uuid FROM subcategory WHERE category_name='Duvet Cover Sets')
1331751223;Womens Swimsuit Cover-ups;(SELECT uuid FROM subcategory WHERE category_name='Womens Swimsuit Cover-ups')
5413039029;Womens Tops;(SELECT uuid FROM subcategory WHERE category_name='Womens Tops')
5076377125;Plus Size Pants;(SELECT uuid FROM subcategory WHERE category_name='Plus Size Pants')
2972690411;Shop Curtains;(SELECT uuid FROM subcategory WHERE category_name='Shop Curtains')
2195224775;Bathroom Rugs & Bath Mats;(SELECT uuid FROM subcategory WHERE category_name='Bathroom Rugs & Bath Mats')
2674700762;Shop Curtains;(SELECT uuid FROM subcategory WHERE category_name='Shop Curtains')
5323811559;Plus Size Tops;(SELECT uuid FROM subcategory WHERE category_name='Plus Size Tops')
485354607;Stilettos;(SELECT uuid FROM subcategory WHERE category_name='Stilettos')
1897403279;Cycling Pants;(SELECT uuid FROM subcategory WHERE category_name='Cycling Pants')
373855792;Sheet Sets;(SELECT uuid FROM subcategory WHERE category_name='Sheet Sets')
951431493;Sheet Sets;(SELECT uuid FROM subcategory WHERE category_name='Sheet Sets')
5294092563;Plus Size Pajama Sets;(SELECT uuid FROM subcategory WHERE category_name='Plus Size Pajama Sets')
429169175;All Area Rugs;(SELECT uuid FROM subcategory WHERE category_name='All Area Rugs')
182202597;NYX Professional Eye Makeup;(SELECT uuid FROM subcategory WHERE category_name='NYX Professional Eye Makeup')
164144701;Colored Sheets;(SELECT uuid FROM subcategory WHERE category_name='Colored Sheets')
2842975297;Bed Sheets;(SELECT uuid FROM subcategory WHERE category_name='Bed Sheets')
1702091300;Womens Sneakers;(SELECT uuid FROM subcategory WHERE category_name='Womens Sneakers')
573614161;All Cat Treats;(SELECT uuid FROM subcategory WHERE category_name='All Cat Treats')
28926816;Kids Cereal;(SELECT uuid FROM subcategory WHERE category_name='Kids Cereal')
5340752441;Plus Size Tshirts;(SELECT uuid FROM subcategory WHERE category_name='Plus Size Tshirts')
209051435;Briefs;(SELECT uuid FROM subcategory WHERE category_name='Briefs')
1836482959;Womens Thermal Underwear;(SELECT uuid FROM subcategory WHERE category_name='Womens Thermal Underwear')
681406983;Mattress Toppers;(SELECT uuid FROM subcategory WHERE category_name='Mattress Toppers')
896599636;Down Alternative Comforters;(SELECT uuid FROM subcategory WHERE category_name='Down Alternative Comforters')
5262717138;Bathroom Rugs & Bath Mats;(SELECT uuid FROM subcategory WHERE category_name='Bathroom Rugs & Bath Mats')
830467712;Dr Teals Bubble Bath;(SELECT uuid FROM subcategory WHERE category_name='Dr Teals Bubble Bath')
2834781358;Shop All Bar Stools & Counter Stools;(SELECT uuid FROM subcategory WHERE category_name='Shop All Bar Stools & Counter Stools')
1097677016;Pillowcases;(SELECT uuid FROM subcategory WHERE category_name='Pillowcases')
264801526;Bed Skirts;(SELECT uuid FROM subcategory WHERE category_name='Bed Skirts')
3283891047;Plus Size Activewear;(SELECT uuid FROM subcategory WHERE category_name='Plus Size Activewear')
994444000;Bed Skirts;(SELECT uuid FROM subcategory WHERE category_name='Bed Skirts')
5417683805;Mens Swimwear;(SELECT uuid FROM subcategory WHERE category_name='Mens Swimwear')
37684787;All Toothpaste;(SELECT uuid FROM subcategory WHERE category_name='All Toothpaste')
5540168677;Maternity Shorts;(SELECT uuid FROM subcategory WHERE category_name='Maternity Shorts')
103296377;Bed Skirts;(SELECT uuid FROM subcategory WHERE category_name='Bed Skirts')
867257068;Bed Skirts;(SELECT uuid FROM subcategory WHERE category_name='Bed Skirts')
3272052424;Womens One-piece Swimsuits;(SELECT uuid FROM subcategory WHERE category_name='Womens One-piece Swimsuits')
799517514;Bed Skirts;(SELECT uuid FROM subcategory WHERE category_name='Bed Skirts')
907995515;Womens Workwear Blouses;(SELECT uuid FROM subcategory WHERE category_name='Womens Workwear Blouses')
2116483962;Tshirts for Women;(SELECT uuid FROM subcategory WHERE category_name='Tshirts for Women')
142456486;Baby Girls Clothing;(SELECT uuid FROM subcategory WHERE category_name='Baby Girls Clothing')
252142487;Mens Pants;(SELECT uuid FROM subcategory WHERE category_name='Mens Pants')
294549868;Plus Size Tops;(SELECT uuid FROM subcategory WHERE category_name='Plus Size Tops')
662186228;Bed Sheets;(SELECT uuid FROM subcategory WHERE category_name='Bed Sheets')
375528680;Bed Sheets;(SELECT uuid FROM subcategory WHERE category_name='Bed Sheets')
5186308981;Womens Blouses;(SELECT uuid FROM subcategory WHERE category_name='Womens Blouses')
5154791062;Womens Tops;(SELECT uuid FROM subcategory WHERE category_name='Womens Tops')
1979723992;Mens Swimwear;(SELECT uuid FROM subcategory WHERE category_name='Mens Swimwear')
736890330;Mens Pants;(SELECT uuid FROM subcategory WHERE category_name='Mens Pants')
917659884;Bed Sheets;(SELECT uuid FROM subcategory WHERE category_name='Bed Sheets')
937072834;Mens Workout Shirts;(SELECT uuid FROM subcategory WHERE category_name='Mens Workout Shirts')
794674247;Gender Neutral Newborn Baby Clothing;(SELECT uuid FROM subcategory WHERE category_name='Gender Neutral Newborn Baby Clothing')
3100329946;Womens Skirts;(SELECT uuid FROM subcategory WHERE category_name='Womens Skirts')
178455834;Bath Towels;(SELECT uuid FROM subcategory WHERE category_name='Bath Towels')
1329196784;Mens Casual Button Down Shirts;(SELECT uuid FROM subcategory WHERE category_name='Mens Casual Button Down Shirts')
557526814;Womens Booties;(SELECT uuid FROM subcategory WHERE category_name='Womens Booties')
5397071399;Boys Outfit Sets;(SELECT uuid FROM subcategory WHERE category_name='Boys Outfit Sets')
531529503;Workout Leggings;(SELECT uuid FROM subcategory WHERE category_name='Workout Leggings')
907847604;Womens Activewear;(SELECT uuid FROM subcategory WHERE category_name='Womens Activewear')
182579201;Womens Workwear Blouses;(SELECT uuid FROM subcategory WHERE category_name='Womens Workwear Blouses')
864008591;Table Runners;(SELECT uuid FROM subcategory WHERE category_name='Table Runners')
667101829;Mens Safety Shoes;(SELECT uuid FROM subcategory WHERE category_name='Mens Safety Shoes')
1856819911;Womens Plus Shorts;(SELECT uuid FROM subcategory WHERE category_name='Womens Plus Shorts')
259195843;Extracts & Flavoring;(SELECT uuid FROM subcategory WHERE category_name='Extracts & Flavoring')
5213945506;All Vitamins & Supplements;(SELECT uuid FROM subcategory WHERE category_name='All Vitamins & Supplements')
974681248;All Area Rugs;(SELECT uuid FROM subcategory WHERE category_name='All Area Rugs')
5809585615;Mens Rings;(SELECT uuid FROM subcategory WHERE category_name='Mens Rings')
705018473;Plus Size Tops;(SELECT uuid FROM subcategory WHERE category_name='Plus Size Tops')
651165096;Plus Size Tunic Tops;(SELECT uuid FROM subcategory WHERE category_name='Plus Size Tunic Tops')
5329337627;Pate Wet Cat Food;(SELECT uuid FROM subcategory WHERE category_name='Pate Wet Cat Food')
1226247035;All Powdered Drink Mix;(SELECT uuid FROM subcategory WHERE category_name='All Powdered Drink Mix')
5164405142;Womens Booties;(SELECT uuid FROM subcategory WHERE category_name='Womens Booties')
1359948905;Plus Size Jeans;(SELECT uuid FROM subcategory WHERE category_name='Plus Size Jeans')
1577779507;Womens Athletic Shorts;(SELECT uuid FROM subcategory WHERE category_name='Womens Athletic Shorts')
1274809612;Mens Swimwear;(SELECT uuid FROM subcategory WHERE category_name='Mens Swimwear')
177709330;Heating Mattress toppers;(SELECT uuid FROM subcategory WHERE category_name='Heating Mattress toppers')
1983309413;Quilts;(SELECT uuid FROM subcategory WHERE category_name='Quilts')
2002762091;Cotton Sheets;(SELECT uuid FROM subcategory WHERE category_name='Cotton Sheets')
5066959782;Wedding Tablecloths;(SELECT uuid FROM subcategory WHERE category_name='Wedding Tablecloths')
1783772415;Cotton Sheets;(SELECT uuid FROM subcategory WHERE category_name='Cotton Sheets')
1579063028;Fabric Tablecloths;(SELECT uuid FROM subcategory WHERE category_name='Fabric Tablecloths')
1543169305;Mens Jewelry;(SELECT uuid FROM subcategory WHERE category_name='Mens Jewelry')
3212008907;Boy Shorts;(SELECT uuid FROM subcategory WHERE category_name='Boy Shorts')
10801127;Whipped Toppings;(SELECT uuid FROM subcategory WHERE category_name='Whipped Toppings')
640096014;Plus Size Activewear;(SELECT uuid FROM subcategory WHERE category_name='Plus Size Activewear')
1063134991;Mens Workout Pants;(SELECT uuid FROM subcategory WHERE category_name='Mens Workout Pants')
1942484324;Plus Size Tops;(SELECT uuid FROM subcategory WHERE category_name='Plus Size Tops')
394232179;Plus Size Tops;(SELECT uuid FROM subcategory WHERE category_name='Plus Size Tops')
5378941877;Boys Rash Guards and Swimsuit Sets;(SELECT uuid FROM subcategory WHERE category_name='Boys Rash Guards and Swimsuit Sets')
318951763;White Headboards;(SELECT uuid FROM subcategory WHERE category_name='White Headboards')
1131095306;Kids Multi Packs;(SELECT uuid FROM subcategory WHERE category_name='Kids Multi Packs')
2531977069;Womens Slides;(SELECT uuid FROM subcategory WHERE category_name='Womens Slides')
2809598127;Boys Rash Guards and Swimsuit Sets;(SELECT uuid FROM subcategory WHERE category_name='Boys Rash Guards and Swimsuit Sets')
331094227;Pillow Top Mattress Toppers;(SELECT uuid FROM subcategory WHERE category_name='Pillow Top Mattress Toppers')
6643019050;Young Adult Sweatshirts & Hoodies;(SELECT uuid FROM subcategory WHERE category_name='Young Adult Sweatshirts & Hoodies')
1980636541;Young Adult Sweatshirts & Hoodies;(SELECT uuid FROM subcategory WHERE category_name='Young Adult Sweatshirts & Hoodies')
343142155;Womens Leggings;(SELECT uuid FROM subcategory WHERE category_name='Womens Leggings')
5287092459;Toddler Girls Outfit Sets;(SELECT uuid FROM subcategory WHERE category_name='Toddler Girls Outfit Sets')
1282533428;Toddler Girls Outfit Sets;(SELECT uuid FROM subcategory WHERE category_name='Toddler Girls Outfit Sets')
10294885;Baby Snack Foods;(SELECT uuid FROM subcategory WHERE category_name='Baby Snack Foods')
5219131585;Womens Tank Tops;(SELECT uuid FROM subcategory WHERE category_name='Womens Tank Tops')
958257612;Womens Ankle Socks;(SELECT uuid FROM subcategory WHERE category_name='Womens Ankle Socks')
5241683603;Casual Dresses;(SELECT uuid FROM subcategory WHERE category_name='Casual Dresses')
5402107794;Womens Pajama Sets;(SELECT uuid FROM subcategory WHERE category_name='Womens Pajama Sets')
177372531;Premium Hair Color;(SELECT uuid FROM subcategory WHERE category_name='Premium Hair Color')
3687173580;Platform Beds;(SELECT uuid FROM subcategory WHERE category_name='Platform Beds')
2095981915;Plus Size Jeans;(SELECT uuid FROM subcategory WHERE category_name='Plus Size Jeans')
1720306083;Girls Dresses;(SELECT uuid FROM subcategory WHERE category_name='Girls Dresses')
5278227251;Womens Tops;(SELECT uuid FROM subcategory WHERE category_name='Womens Tops')
1049286646;Womens Workwear Blouses;(SELECT uuid FROM subcategory WHERE category_name='Womens Workwear Blouses')
1311889122;Mens Sweatpants;(SELECT uuid FROM subcategory WHERE category_name='Mens Sweatpants')
329288230;Halloween Themed Clothing;(SELECT uuid FROM subcategory WHERE category_name='Halloween Themed Clothing')
602315286;Bed Sheets;(SELECT uuid FROM subcategory WHERE category_name='Bed Sheets')
685474764;Gemstone Engagement Rings;(SELECT uuid FROM subcategory WHERE category_name='Gemstone Engagement Rings')
682025831;Gemstone Engagement Rings;(SELECT uuid FROM subcategory WHERE category_name='Gemstone Engagement Rings')
171629953;Colored Sheets;(SELECT uuid FROM subcategory WHERE category_name='Colored Sheets')
321811404;Wedges;(SELECT uuid FROM subcategory WHERE category_name='Wedges')
375469856;Wedges;(SELECT uuid FROM subcategory WHERE category_name='Wedges')
2205907607;Bedding Sets;(SELECT uuid FROM subcategory WHERE category_name='Bedding Sets')
187606582;Plus Size T-Shirt Bras;(SELECT uuid FROM subcategory WHERE category_name='Plus Size T-Shirt Bras')
3511393855;All Area Rugs;(SELECT uuid FROM subcategory WHERE category_name='All Area Rugs')
781970403;Mens Oxfords Shoes;(SELECT uuid FROM subcategory WHERE category_name='Mens Oxfords Shoes')
460164326;Mens Oxfords Shoes;(SELECT uuid FROM subcategory WHERE category_name='Mens Oxfords Shoes')
257806313;Mens Briefs;(SELECT uuid FROM subcategory WHERE category_name='Mens Briefs')
2149072964;Womens Wide Leg Pants;(SELECT uuid FROM subcategory WHERE category_name='Womens Wide Leg Pants')
162709782;Scrub Tops;(SELECT uuid FROM subcategory WHERE category_name='Scrub Tops')
11994938;Lipstick;(SELECT uuid FROM subcategory WHERE category_name='Lipstick')
48812370;Painters Tape;(SELECT uuid FROM subcategory WHERE category_name='Painters Tape')
693758408;Halloween Themed Clothing;(SELECT uuid FROM subcategory WHERE category_name='Halloween Themed Clothing')
860549398;Womens Blouses;(SELECT uuid FROM subcategory WHERE category_name='Womens Blouses')
146144209;Cologne for Men;(SELECT uuid FROM subcategory WHERE category_name='Cologne for Men')
351681309;Halloween Themed Clothing;(SELECT uuid FROM subcategory WHERE category_name='Halloween Themed Clothing')
1906381169;Mens Casual Button Down Shirts;(SELECT uuid FROM subcategory WHERE category_name='Mens Casual Button Down Shirts')
1479601634;Baby Girls Casual Dresses;(SELECT uuid FROM subcategory WHERE category_name='Baby Girls Casual Dresses')
171887767;Mens Workout Shirts;(SELECT uuid FROM subcategory WHERE category_name='Mens Workout Shirts')
874138671;3 Piece Patio Dining Set;(SELECT uuid FROM subcategory WHERE category_name='3 Piece Patio Dining Set')
2601975366;Womens Blouses;(SELECT uuid FROM subcategory WHERE category_name='Womens Blouses')
5304723590;Bralettes;(SELECT uuid FROM subcategory WHERE category_name='Bralettes')
378435340;Bed Skirts;(SELECT uuid FROM subcategory WHERE category_name='Bed Skirts')
540315334;Bed Skirts;(SELECT uuid FROM subcategory WHERE category_name='Bed Skirts')
446599845;Plus Size Tops;(SELECT uuid FROM subcategory WHERE category_name='Plus Size Tops')
5301024951;Boys Slip-ons;(SELECT uuid FROM subcategory WHERE category_name='Boys Slip-ons')
597413133;Young Adult Clothing;(SELECT uuid FROM subcategory WHERE category_name='Young Adult Clothing')
5055455726;Womens Nightshirts & Gowns;(SELECT uuid FROM subcategory WHERE category_name='Womens Nightshirts & Gowns')
2199573340;Mens Workout Shirts;(SELECT uuid FROM subcategory WHERE category_name='Mens Workout Shirts')
1969219390;Mens Swimwear;(SELECT uuid FROM subcategory WHERE category_name='Mens Swimwear')
51246983;Womens Multivitamins;(SELECT uuid FROM subcategory WHERE category_name='Womens Multivitamins')
1997340049;Boys Sandals;(SELECT uuid FROM subcategory WHERE category_name='Boys Sandals')
2183881125;Boys Sandals;(SELECT uuid FROM subcategory WHERE category_name='Boys Sandals')
22406141;Room Darkening Curtains;(SELECT uuid FROM subcategory WHERE category_name='Room Darkening Curtains')
3922793394;Womens Rings;(SELECT uuid FROM subcategory WHERE category_name='Womens Rings')
1037166405;Cardigans for Women;(SELECT uuid FROM subcategory WHERE category_name='Cardigans for Women')
920987081;Mens Workout Clothing;(SELECT uuid FROM subcategory WHERE category_name='Mens Workout Clothing')
5291780375;Mens Hiking Sandals;(SELECT uuid FROM subcategory WHERE category_name='Mens Hiking Sandals')
28669603;All Conditioner;(SELECT uuid FROM subcategory WHERE category_name='All Conditioner')
1330671813;Young Adult Dresses;(SELECT uuid FROM subcategory WHERE category_name='Young Adult Dresses')
222849703;Bathroom Rugs & Bath Mats;(SELECT uuid FROM subcategory WHERE category_name='Bathroom Rugs & Bath Mats')
6020514921;Womens Turtleneck Sweaters;(SELECT uuid FROM subcategory WHERE category_name='Womens Turtleneck Sweaters')
485100033;Baby Itching & Rash Treatments;(SELECT uuid FROM subcategory WHERE category_name='Baby Itching & Rash Treatments')
527669619;Mens Slim Fit Jeans;(SELECT uuid FROM subcategory WHERE category_name='Mens Slim Fit Jeans')
324584783;Pillow Shams;(SELECT uuid FROM subcategory WHERE category_name='Pillow Shams')
1829450989;Plus Size Tops;(SELECT uuid FROM subcategory WHERE category_name='Plus Size Tops')
647837522;Plus Size Tops;(SELECT uuid FROM subcategory WHERE category_name='Plus Size Tops')
52271084;All American Crew;(SELECT uuid FROM subcategory WHERE category_name='All American Crew')
6013308220;Plus Size Tops;(SELECT uuid FROM subcategory WHERE category_name='Plus Size Tops')
1341833689;Womens Workout Bottoms;(SELECT uuid FROM subcategory WHERE category_name='Womens Workout Bottoms')
790957653;Baby Girls Clothing;(SELECT uuid FROM subcategory WHERE category_name='Baby Girls Clothing')
27230944;Dietary supplements;(SELECT uuid FROM subcategory WHERE category_name='Dietary supplements')
1986789930;Toddler Bedding Sets & Sheets;(SELECT uuid FROM subcategory WHERE category_name='Toddler Bedding Sets & Sheets')
5443068156;Toddler Girls Outfit Sets;(SELECT uuid FROM subcategory WHERE category_name='Toddler Girls Outfit Sets')
1695370897;Shop Curtains;(SELECT uuid FROM subcategory WHERE category_name='Shop Curtains')
997055913;Plus Size Tops;(SELECT uuid FROM subcategory WHERE category_name='Plus Size Tops')
5270512071;Womens Dresses;(SELECT uuid FROM subcategory WHERE category_name='Womens Dresses')
1716639656;Wireless Bras;(SELECT uuid FROM subcategory WHERE category_name='Wireless Bras')
2128773109;Womens Plus Thermal Sets;(SELECT uuid FROM subcategory WHERE category_name='Womens Plus Thermal Sets')
2170655278;Shop Curtains;(SELECT uuid FROM subcategory WHERE category_name='Shop Curtains')
965054107;Mens Graphic Tees;(SELECT uuid FROM subcategory WHERE category_name='Mens Graphic Tees')
2383459550;Shop Curtains;(SELECT uuid FROM subcategory WHERE category_name='Shop Curtains')
1724059685;All Area Rugs;(SELECT uuid FROM subcategory WHERE category_name='All Area Rugs')
841317555;Womens Tops;(SELECT uuid FROM subcategory WHERE category_name='Womens Tops')
1746820702;Toddler Bedding Sets & Sheets;(SELECT uuid FROM subcategory WHERE category_name='Toddler Bedding Sets & Sheets')
2219211722;Mens Safety Shoes;(SELECT uuid FROM subcategory WHERE category_name='Mens Safety Shoes')
619425774;Dresses;(SELECT uuid FROM subcategory WHERE category_name='Dresses')
653650091;Halloween Themed Clothing;(SELECT uuid FROM subcategory WHERE category_name='Halloween Themed Clothing')
3262573728;Womens Slide Slippers;(SELECT uuid FROM subcategory WHERE category_name='Womens Slide Slippers')
946038807;Womens Dresses;(SELECT uuid FROM subcategory WHERE category_name='Womens Dresses')
3843028104;All Kids Costumes & Dress-Up;(SELECT uuid FROM subcategory WHERE category_name='All Kids Costumes & Dress-Up')
5452795545;All Area Rugs;(SELECT uuid FROM subcategory WHERE category_name='All Area Rugs')
3264982193;Colored Sheets;(SELECT uuid FROM subcategory WHERE category_name='Colored Sheets')
247854986;Halloween Themed Clothing;(SELECT uuid FROM subcategory WHERE category_name='Halloween Themed Clothing')
1840373646;Toddler Bedding Sets & Sheets;(SELECT uuid FROM subcategory WHERE category_name='Toddler Bedding Sets & Sheets')
1129949808;Shop Curtains;(SELECT uuid FROM subcategory WHERE category_name='Shop Curtains')
2783711895;Shop Curtains;(SELECT uuid FROM subcategory WHERE category_name='Shop Curtains')
3250236923;Cooling Sheets;(SELECT uuid FROM subcategory WHERE category_name='Cooling Sheets')
538579916;Womens Booties;(SELECT uuid FROM subcategory WHERE category_name='Womens Booties')
5537013909;Toddler Girls Outfit Sets;(SELECT uuid FROM subcategory WHERE category_name='Toddler Girls Outfit Sets')
970939244;Workout Tank Tops;(SELECT uuid FROM subcategory WHERE category_name='Workout Tank Tops')
5497424655;Mens Shoes;(SELECT uuid FROM subcategory WHERE category_name='Mens Shoes')
2071800712;Girls Rompers;(SELECT uuid FROM subcategory WHERE category_name='Girls Rompers')
3193974299;White Sheets;(SELECT uuid FROM subcategory WHERE category_name='White Sheets')
5486964418;Bed In A Bag;(SELECT uuid FROM subcategory WHERE category_name='Bed In A Bag')
669112285;Dresses;(SELECT uuid FROM subcategory WHERE category_name='Dresses')
268590697;Womens Casual Shoes;(SELECT uuid FROM subcategory WHERE category_name='Womens Casual Shoes')
886368088;Lipstick;(SELECT uuid FROM subcategory WHERE category_name='Lipstick')
1789610247;Womens Plus Skirts;(SELECT uuid FROM subcategory WHERE category_name='Womens Plus Skirts')
148612159;Womens Blouses;(SELECT uuid FROM subcategory WHERE category_name='Womens Blouses')
197238518;Womens Tops;(SELECT uuid FROM subcategory WHERE category_name='Womens Tops')
6396758638;Jockey Underwear;(SELECT uuid FROM subcategory WHERE category_name='Jockey Underwear')
5164703747;Womens Nightshirts & Gowns;(SELECT uuid FROM subcategory WHERE category_name='Womens Nightshirts & Gowns')
5155882858;Womens Blouses;(SELECT uuid FROM subcategory WHERE category_name='Womens Blouses')
516529863;Bathroom Rugs & Bath Mats;(SELECT uuid FROM subcategory WHERE category_name='Bathroom Rugs & Bath Mats')
5858797783;Bed In A Bag;(SELECT uuid FROM subcategory WHERE category_name='Bed In A Bag')
5247352286;Womens Blouses;(SELECT uuid FROM subcategory WHERE category_name='Womens Blouses')
980677354;Shop Curtains;(SELECT uuid FROM subcategory WHERE category_name='Shop Curtains')
756191129;Womens Workout Bottoms;(SELECT uuid FROM subcategory WHERE category_name='Womens Workout Bottoms')
172401971;Plus Size Activewear;(SELECT uuid FROM subcategory WHERE category_name='Plus Size Activewear')
1769701764;Underwire Bras;(SELECT uuid FROM subcategory WHERE category_name='Underwire Bras')
5295270812;Shop All Patio Furniture;(SELECT uuid FROM subcategory WHERE category_name='Shop All Patio Furniture')
701833189;Quilts;(SELECT uuid FROM subcategory WHERE category_name='Quilts')
486409223;All Area Rugs;(SELECT uuid FROM subcategory WHERE category_name='All Area Rugs')
582026356;All Area Rugs;(SELECT uuid FROM subcategory WHERE category_name='All Area Rugs')
721445527;Mens Swimwear;(SELECT uuid FROM subcategory WHERE category_name='Mens Swimwear')
968072447;Plus Size Tshirts;(SELECT uuid FROM subcategory WHERE category_name='Plus Size Tshirts')
2637400158;Womens Sandals;(SELECT uuid FROM subcategory WHERE category_name='Womens Sandals')
1231618678;Duvet Covers;(SELECT uuid FROM subcategory WHERE category_name='Duvet Covers')
973604797;Picture Frames Shop All;(SELECT uuid FROM subcategory WHERE category_name='Picture Frames Shop All')
5144555813;Water Shoes;(SELECT uuid FROM subcategory WHERE category_name='Water Shoes')
831123723;Womens Nightshirts & Gowns;(SELECT uuid FROM subcategory WHERE category_name='Womens Nightshirts & Gowns')
576255453;Womens Nightshirts & Gowns;(SELECT uuid FROM subcategory WHERE category_name='Womens Nightshirts & Gowns')
370694829;MaryRuth Organics;(SELECT uuid FROM subcategory WHERE category_name='MaryRuth Organics')
1435754084;Rawhides;(SELECT uuid FROM subcategory WHERE category_name='Rawhides')
5326305256;Womens Casual Shoes;(SELECT uuid FROM subcategory WHERE category_name='Womens Casual Shoes')
802163708;Briefs;(SELECT uuid FROM subcategory WHERE category_name='Briefs')
176751313;Plus Size Underwire Bras;(SELECT uuid FROM subcategory WHERE category_name='Plus Size Underwire Bras')
1311460851;Womens Workout Shirts;(SELECT uuid FROM subcategory WHERE category_name='Womens Workout Shirts')
1943829458;Casual Dresses;(SELECT uuid FROM subcategory WHERE category_name='Casual Dresses')
537537596;Womens Novelty Socks;(SELECT uuid FROM subcategory WHERE category_name='Womens Novelty Socks')
5605488846;Block Heels;(SELECT uuid FROM subcategory WHERE category_name='Block Heels')
5571552882;Plus Size Tops;(SELECT uuid FROM subcategory WHERE category_name='Plus Size Tops')
393061304;Medgear Scrubs;(SELECT uuid FROM subcategory WHERE category_name='Medgear Scrubs')
2042196381;Womens Workwear Blouses;(SELECT uuid FROM subcategory WHERE category_name='Womens Workwear Blouses')
990631587;Black Scrubs;(SELECT uuid FROM subcategory WHERE category_name='Black Scrubs')
691921425;Colored Sheets;(SELECT uuid FROM subcategory WHERE category_name='Colored Sheets')
565535969;All Area Rugs;(SELECT uuid FROM subcategory WHERE category_name='All Area Rugs')
5286825403;Retractable baby gates;(SELECT uuid FROM subcategory WHERE category_name='Retractable baby gates')
5422074273;Cargos;(SELECT uuid FROM subcategory WHERE category_name='Cargos')
5041920521;Plus Size Tops;(SELECT uuid FROM subcategory WHERE category_name='Plus Size Tops')
2868760641;Boys Athletic Shoes;(SELECT uuid FROM subcategory WHERE category_name='Boys Athletic Shoes')
536849814;Aveeno Hair Care;(SELECT uuid FROM subcategory WHERE category_name='Aveeno Hair Care')
807130892;Womens Hoodies;(SELECT uuid FROM subcategory WHERE category_name='Womens Hoodies')
382394597;Scented Candles;(SELECT uuid FROM subcategory WHERE category_name='Scented Candles')
5190064929;Girls Dresses;(SELECT uuid FROM subcategory WHERE category_name='Girls Dresses')
5327761690;Young Adult Pajamas;(SELECT uuid FROM subcategory WHERE category_name='Young Adult Pajamas')
3675207718;Baby Boys Casual Outfit Sets;(SELECT uuid FROM subcategory WHERE category_name='Baby Boys Casual Outfit Sets')
187071360;Womens Shorts;(SELECT uuid FROM subcategory WHERE category_name='Womens Shorts')
555974352;Big and Tall Shorts;(SELECT uuid FROM subcategory WHERE category_name='Big and Tall Shorts')
512420879;Garlic Pills;(SELECT uuid FROM subcategory WHERE category_name='Garlic Pills')
5187951341;Girls Dresses;(SELECT uuid FROM subcategory WHERE category_name='Girls Dresses')
5150388132;Girls Dresses;(SELECT uuid FROM subcategory WHERE category_name='Girls Dresses')
1590683321;Tshirts for Women;(SELECT uuid FROM subcategory WHERE category_name='Tshirts for Women')
2232013390;Boys Pajama Sets;(SELECT uuid FROM subcategory WHERE category_name='Boys Pajama Sets')
377862424;Mens Workout Shorts;(SELECT uuid FROM subcategory WHERE category_name='Mens Workout Shorts')
945882097;Womens Pants;(SELECT uuid FROM subcategory WHERE category_name='Womens Pants')
17245067;Mens Wide Shoes;(SELECT uuid FROM subcategory WHERE category_name='Mens Wide Shoes')
2007589965;Shop All Patio Sets;(SELECT uuid FROM subcategory WHERE category_name='Shop All Patio Sets')
5354771215;Nails;(SELECT uuid FROM subcategory WHERE category_name='Nails')
381632255;Teens Comforters Sets;(SELECT uuid FROM subcategory WHERE category_name='Teens Comforters Sets')
2058502863;7 Piece Patio Dining Set;(SELECT uuid FROM subcategory WHERE category_name='7 Piece Patio Dining Set')
491183777;Pillowcases;(SELECT uuid FROM subcategory WHERE category_name='Pillowcases')
1793589243;7 Piece Patio Dining Set;(SELECT uuid FROM subcategory WHERE category_name='7 Piece Patio Dining Set')
56178185;Essie Nail Polish;(SELECT uuid FROM subcategory WHERE category_name='Essie Nail Polish')
36995775;Seasoning mixes & blends;(SELECT uuid FROM subcategory WHERE category_name='Seasoning mixes & blends')
5158180497;Pain Relief;(SELECT uuid FROM subcategory WHERE category_name='Pain Relief')
868795363;Ballet Flats;(SELECT uuid FROM subcategory WHERE category_name='Ballet Flats')
5118743904;Girls Coats and Jackets;(SELECT uuid FROM subcategory WHERE category_name='Girls Coats and Jackets')
5359488153;Womens Athletic Shorts;(SELECT uuid FROM subcategory WHERE category_name='Womens Athletic Shorts')
974265277;browse subscription pantry;(SELECT uuid FROM subcategory WHERE category_name='browse subscription pantry')
5617872175;Womens Pants;(SELECT uuid FROM subcategory WHERE category_name='Womens Pants')
5617872169;Womens Pants;(SELECT uuid FROM subcategory WHERE category_name='Womens Pants')
284562411;Cardigans for Women;(SELECT uuid FROM subcategory WHERE category_name='Cardigans for Women')
129078929;Womens Booties;(SELECT uuid FROM subcategory WHERE category_name='Womens Booties')
813818108;Mens Work Shirts;(SELECT uuid FROM subcategory WHERE category_name='Mens Work Shirts')
5113579108;Plus Size Tops;(SELECT uuid FROM subcategory WHERE category_name='Plus Size Tops')
5282654772;Kids Towels;(SELECT uuid FROM subcategory WHERE category_name='Kids Towels')
738569571;Womens Athletic Shorts;(SELECT uuid FROM subcategory WHERE category_name='Womens Athletic Shorts')
5260887729;Couch Covers;(SELECT uuid FROM subcategory WHERE category_name='Couch Covers')
5586004243;Couch Covers;(SELECT uuid FROM subcategory WHERE category_name='Couch Covers')
5589451590;Slipcovers;(SELECT uuid FROM subcategory WHERE category_name='Slipcovers')
1530953176;Casual Dresses;(SELECT uuid FROM subcategory WHERE category_name='Casual Dresses')
5421172309;All Area Rugs;(SELECT uuid FROM subcategory WHERE category_name='All Area Rugs')
887668036;Plus Size Dresses;(SELECT uuid FROM subcategory WHERE category_name='Plus Size Dresses')
1500372373;Hanes Mens Shorts;(SELECT uuid FROM subcategory WHERE category_name='Hanes Mens Shorts')
1900702698;Plus Size Activewear;(SELECT uuid FROM subcategory WHERE category_name='Plus Size Activewear')
422458903;Lunchbox favorites;(SELECT uuid FROM subcategory WHERE category_name='Lunchbox favorites')
370320502;Workout Leggings;(SELECT uuid FROM subcategory WHERE category_name='Workout Leggings')
2570734160;Child Life Jackets;(SELECT uuid FROM subcategory WHERE category_name='Child Life Jackets')
553201076;Mens Walking Shoes;(SELECT uuid FROM subcategory WHERE category_name='Mens Walking Shoes')
5077062607;Womens Button Down Shirts;(SELECT uuid FROM subcategory WHERE category_name='Womens Button Down Shirts')
1996695931;Mens T-Shirts;(SELECT uuid FROM subcategory WHERE category_name='Mens T-Shirts')
182430131;Liquid Foundation;(SELECT uuid FROM subcategory WHERE category_name='Liquid Foundation')
587166337;Couch Covers;(SELECT uuid FROM subcategory WHERE category_name='Couch Covers')
5159680172;Womens Tank Tops;(SELECT uuid FROM subcategory WHERE category_name='Womens Tank Tops')
178944020;Plus Size Dresses;(SELECT uuid FROM subcategory WHERE category_name='Plus Size Dresses')
5164148011;Womens Tank Tops;(SELECT uuid FROM subcategory WHERE category_name='Womens Tank Tops')
1743897163;Bed Sheets;(SELECT uuid FROM subcategory WHERE category_name='Bed Sheets')
199409627;Briefs;(SELECT uuid FROM subcategory WHERE category_name='Briefs')
5172156163;Womens Slide Slippers;(SELECT uuid FROM subcategory WHERE category_name='Womens Slide Slippers')
1180696141;Bedding Sets;(SELECT uuid FROM subcategory WHERE category_name='Bedding Sets')
450029506;Boys Comforter Sets;(SELECT uuid FROM subcategory WHERE category_name='Boys Comforter Sets')
687219623;Boys Comforter Sets;(SELECT uuid FROM subcategory WHERE category_name='Boys Comforter Sets')
849308072;Character Bedding;(SELECT uuid FROM subcategory WHERE category_name='Character Bedding')
5316176929;Clean Beauty Makeup;(SELECT uuid FROM subcategory WHERE category_name='Clean Beauty Makeup')
5110526365;Plus Size Pajama Sets;(SELECT uuid FROM subcategory WHERE category_name='Plus Size Pajama Sets')
5664506341;Conditioning Hair Color;(SELECT uuid FROM subcategory WHERE category_name='Conditioning Hair Color')
5658003706;Conditioning Hair Color;(SELECT uuid FROM subcategory WHERE category_name='Conditioning Hair Color')
338559263;Womens Workwear Skirts;(SELECT uuid FROM subcategory WHERE category_name='Womens Workwear Skirts')
729322559;Fine Jewelry;(SELECT uuid FROM subcategory WHERE category_name='Fine Jewelry')
811731224;Fine Jewelry;(SELECT uuid FROM subcategory WHERE category_name='Fine Jewelry')
1507001378;Lingerie Sets;(SELECT uuid FROM subcategory WHERE category_name='Lingerie Sets')
5115609628;Womens Pajama Sets;(SELECT uuid FROM subcategory WHERE category_name='Womens Pajama Sets')
3820834403;Shop Curtains;(SELECT uuid FROM subcategory WHERE category_name='Shop Curtains')
753681550;Mens T-Shirts;(SELECT uuid FROM subcategory WHERE category_name='Mens T-Shirts')
1446529388;Baby Girls Casual Dresses;(SELECT uuid FROM subcategory WHERE category_name='Baby Girls Casual Dresses')
3972776250;Shop Curtains;(SELECT uuid FROM subcategory WHERE category_name='Shop Curtains')
2010024322;Womens Body Wash;(SELECT uuid FROM subcategory WHERE category_name='Womens Body Wash')
3560683924;Nails;(SELECT uuid FROM subcategory WHERE category_name='Nails')
3053955490;Hipsters;(SELECT uuid FROM subcategory WHERE category_name='Hipsters')
5768017984;Womens Swimsuit Tops;(SELECT uuid FROM subcategory WHERE category_name='Womens Swimsuit Tops')
5230931476;Womens Activewear;(SELECT uuid FROM subcategory WHERE category_name='Womens Activewear')
645104219;All Area Rugs;(SELECT uuid FROM subcategory WHERE category_name='All Area Rugs')
5440778555;Mens Polo Shirts;(SELECT uuid FROM subcategory WHERE category_name='Mens Polo Shirts')
3084212208;Shop Curtains;(SELECT uuid FROM subcategory WHERE category_name='Shop Curtains')
2110075117;Shop Curtains;(SELECT uuid FROM subcategory WHERE category_name='Shop Curtains')
2871702719;Shop Curtains;(SELECT uuid FROM subcategory WHERE category_name='Shop Curtains')
3631271641;Womens Workwear Blouses;(SELECT uuid FROM subcategory WHERE category_name='Womens Workwear Blouses')
3047523261;Shop Curtains;(SELECT uuid FROM subcategory WHERE category_name='Shop Curtains')
5133776504;Mens Swim Trunks;(SELECT uuid FROM subcategory WHERE category_name='Mens Swim Trunks')
424240661;Womens Tops;(SELECT uuid FROM subcategory WHERE category_name='Womens Tops')
5321127579;Juniors Activewear;(SELECT uuid FROM subcategory WHERE category_name='Juniors Activewear')
2677890305;Mens Shorts;(SELECT uuid FROM subcategory WHERE category_name='Mens Shorts')
5321127580;Juniors Activewear;(SELECT uuid FROM subcategory WHERE category_name='Juniors Activewear')
5464020385;Seasoning mixes & blends;(SELECT uuid FROM subcategory WHERE category_name='Seasoning mixes & blends')
5088382174;Plaid Pajamas;(SELECT uuid FROM subcategory WHERE category_name='Plaid Pajamas')
5032686642;Boys Tshirts;(SELECT uuid FROM subcategory WHERE category_name='Boys Tshirts')
3499753228;Black Curtains;(SELECT uuid FROM subcategory WHERE category_name='Black Curtains')
5630867280;Mattress Pads;(SELECT uuid FROM subcategory WHERE category_name='Mattress Pads')
2599647180;Throw Pillow Covers;(SELECT uuid FROM subcategory WHERE category_name='Throw Pillow Covers')
6003465421;Womens Swimsuit Tops;(SELECT uuid FROM subcategory WHERE category_name='Womens Swimsuit Tops')
786691113;Womens Joggers;(SELECT uuid FROM subcategory WHERE category_name='Womens Joggers')
524481378;Plus Size Activewear;(SELECT uuid FROM subcategory WHERE category_name='Plus Size Activewear')
1009224046;Kids Clothing;(SELECT uuid FROM subcategory WHERE category_name='Kids Clothing')
5469955513;Casual Dresses;(SELECT uuid FROM subcategory WHERE category_name='Casual Dresses')
3545128586;Womens Athletic Shorts;(SELECT uuid FROM subcategory WHERE category_name='Womens Athletic Shorts')
142460087;Mens Work Coveralls;(SELECT uuid FROM subcategory WHERE category_name='Mens Work Coveralls')
407423849;Womens Booties;(SELECT uuid FROM subcategory WHERE category_name='Womens Booties')
1420686922;Tshirts for Women;(SELECT uuid FROM subcategory WHERE category_name='Tshirts for Women')
839659160;Womens Casual Shoes;(SELECT uuid FROM subcategory WHERE category_name='Womens Casual Shoes')
609214827;Womens Swimsuits;(SELECT uuid FROM subcategory WHERE category_name='Womens Swimsuits')
305077069;Ballet Flats;(SELECT uuid FROM subcategory WHERE category_name='Ballet Flats')
2546499171;Cooling Sheets;(SELECT uuid FROM subcategory WHERE category_name='Cooling Sheets')
2559020018;Wood Sheds;(SELECT uuid FROM subcategory WHERE category_name='Wood Sheds')
957603867;Womens Hoodies;(SELECT uuid FROM subcategory WHERE category_name='Womens Hoodies')
2150292673;Plus Size Tops;(SELECT uuid FROM subcategory WHERE category_name='Plus Size Tops')
469036214;Full Bases;(SELECT uuid FROM subcategory WHERE category_name='Full Bases')
1764748346;Insoles;(SELECT uuid FROM subcategory WHERE category_name='Insoles')
783037189;Mens T-Shirts;(SELECT uuid FROM subcategory WHERE category_name='Mens T-Shirts')
522520633;Mens T-Shirts;(SELECT uuid FROM subcategory WHERE category_name='Mens T-Shirts')
232632201;Tshirts for Women;(SELECT uuid FROM subcategory WHERE category_name='Tshirts for Women')
173315024;Mens T-Shirts;(SELECT uuid FROM subcategory WHERE category_name='Mens T-Shirts')
286456181;Mens T-Shirts;(SELECT uuid FROM subcategory WHERE category_name='Mens T-Shirts')
138554336;All Area Rugs;(SELECT uuid FROM subcategory WHERE category_name='All Area Rugs')
1543783583;Comforter Sets;(SELECT uuid FROM subcategory WHERE category_name='Comforter Sets')
5379906696;School Backpacks;(SELECT uuid FROM subcategory WHERE category_name='School Backpacks')
595025504;Big Girls One-piece Pajamas;(SELECT uuid FROM subcategory WHERE category_name='Big Girls One-piece Pajamas')
490711747;Shop All Bar Stools & Counter Stools;(SELECT uuid FROM subcategory WHERE category_name='Shop All Bar Stools & Counter Stools')
3754763373;Mens Casual Button Down Shirts;(SELECT uuid FROM subcategory WHERE category_name='Mens Casual Button Down Shirts')
205242278;All Area Rugs;(SELECT uuid FROM subcategory WHERE category_name='All Area Rugs')
5753314187;Womens Flat Sandals;(SELECT uuid FROM subcategory WHERE category_name='Womens Flat Sandals')
990684483;All Runner Rugs;(SELECT uuid FROM subcategory WHERE category_name='All Runner Rugs')
212660235;Mens Polo Shirts;(SELECT uuid FROM subcategory WHERE category_name='Mens Polo Shirts')
1597065973;Block Heels;(SELECT uuid FROM subcategory WHERE category_name='Block Heels')
5753146161;Mens Body Wash;(SELECT uuid FROM subcategory WHERE category_name='Mens Body Wash')
5075840147;All Runner Rugs;(SELECT uuid FROM subcategory WHERE category_name='All Runner Rugs')
931121091;No Pull Dog Harnesses;(SELECT uuid FROM subcategory WHERE category_name='No Pull Dog Harnesses')
5150469476;Gray Dressers;(SELECT uuid FROM subcategory WHERE category_name='Gray Dressers')
2017664333;Yellow Paint;(SELECT uuid FROM subcategory WHERE category_name='Yellow Paint')
269604557;Mens Work Uniforms;(SELECT uuid FROM subcategory WHERE category_name='Mens Work Uniforms')
5106616318;Fruit of the Loom Boxer Briefs;(SELECT uuid FROM subcategory WHERE category_name='Fruit of the Loom Boxer Briefs')
2894174795;Beige Paint;(SELECT uuid FROM subcategory WHERE category_name='Beige Paint')
948010527;Mens Sweatpants;(SELECT uuid FROM subcategory WHERE category_name='Mens Sweatpants')
5184785010;Womens Workwear Sweaters;(SELECT uuid FROM subcategory WHERE category_name='Womens Workwear Sweaters')
170712762;Underwire Bras;(SELECT uuid FROM subcategory WHERE category_name='Underwire Bras')
245581709;Halloween Themed Clothing;(SELECT uuid FROM subcategory WHERE category_name='Halloween Themed Clothing')
5273430664;Bralettes;(SELECT uuid FROM subcategory WHERE category_name='Bralettes')
328244696;Boxed christmas chocolate;(SELECT uuid FROM subcategory WHERE category_name='Boxed christmas chocolate')
978644343;Plus Size Jeans;(SELECT uuid FROM subcategory WHERE category_name='Plus Size Jeans')
5498678230;Desk Chairs;(SELECT uuid FROM subcategory WHERE category_name='Desk Chairs')
22211125;All Makeup;(SELECT uuid FROM subcategory WHERE category_name='All Makeup')
389619195;All Runner Rugs;(SELECT uuid FROM subcategory WHERE category_name='All Runner Rugs')
1561196134;Plus Size Tops;(SELECT uuid FROM subcategory WHERE category_name='Plus Size Tops')
6126862324;Twin Sheets;(SELECT uuid FROM subcategory WHERE category_name='Twin Sheets')
234175198;Colored Sheets;(SELECT uuid FROM subcategory WHERE category_name='Colored Sheets')
618032539;All Vitamins & Supplements;(SELECT uuid FROM subcategory WHERE category_name='All Vitamins & Supplements')
1186578586;Air Car Seat Cushions;(SELECT uuid FROM subcategory WHERE category_name='Air Car Seat Cushions')
156662195;Mens Workout Shirts;(SELECT uuid FROM subcategory WHERE category_name='Mens Workout Shirts')
126699313;All Dog Food;(SELECT uuid FROM subcategory WHERE category_name='All Dog Food')
5443849113;Plus Size Tops;(SELECT uuid FROM subcategory WHERE category_name='Plus Size Tops')
775961150;Mens Casual Button Down Shirts;(SELECT uuid FROM subcategory WHERE category_name='Mens Casual Button Down Shirts')
166233692;Underwire Bras;(SELECT uuid FROM subcategory WHERE category_name='Underwire Bras')
5211726888;Mens Casual Sneakers;(SELECT uuid FROM subcategory WHERE category_name='Mens Casual Sneakers')
637751827;Only at Walmart Diet and Lifestyle;(SELECT uuid FROM subcategory WHERE category_name='Only at Walmart Diet and Lifestyle')
391816176;Womens Casual Shoes;(SELECT uuid FROM subcategory WHERE category_name='Womens Casual Shoes')
5741991357;Plus Size Dresses;(SELECT uuid FROM subcategory WHERE category_name='Plus Size Dresses')
3977837776;Boys Swim Trunks;(SELECT uuid FROM subcategory WHERE category_name='Boys Swim Trunks')
5383710772;Baby Girls Swimsuit Cover-ups;(SELECT uuid FROM subcategory WHERE category_name='Baby Girls Swimsuit Cover-ups')
996202291;All Dog Kennels;(SELECT uuid FROM subcategory WHERE category_name='All Dog Kennels')
1834325590;Womens Pajama Sets;(SELECT uuid FROM subcategory WHERE category_name='Womens Pajama Sets')
46068414;Premium Hair Styling Products;(SELECT uuid FROM subcategory WHERE category_name='Premium Hair Styling Products')
3051626681;Plus Size Tops;(SELECT uuid FROM subcategory WHERE category_name='Plus Size Tops')
882636216;Kitchen Rugs;(SELECT uuid FROM subcategory WHERE category_name='Kitchen Rugs')
2503512087;Womens Panties;(SELECT uuid FROM subcategory WHERE category_name='Womens Panties')
3569966086;Plastic Outdoor Rugs;(SELECT uuid FROM subcategory WHERE category_name='Plastic Outdoor Rugs')
1615356970;Womens Shorts;(SELECT uuid FROM subcategory WHERE category_name='Womens Shorts')
1517101893;Womens Pants;(SELECT uuid FROM subcategory WHERE category_name='Womens Pants')
786961428;Girls Pajama Sets;(SELECT uuid FROM subcategory WHERE category_name='Girls Pajama Sets')
1786660054;Womens Workwear Blouses;(SELECT uuid FROM subcategory WHERE category_name='Womens Workwear Blouses')
227252556;Depend for Women;(SELECT uuid FROM subcategory WHERE category_name='Depend for Women')
5292671987;Queen Beds;(SELECT uuid FROM subcategory WHERE category_name='Queen Beds')
6494751477;Womens Tops;(SELECT uuid FROM subcategory WHERE category_name='Womens Tops')
453089336;Arthritis pain relief;(SELECT uuid FROM subcategory WHERE category_name='Arthritis pain relief')
529767263;Mens Regular Fit Jeans;(SELECT uuid FROM subcategory WHERE category_name='Mens Regular Fit Jeans')
362341632;Oral Care Accessories;(SELECT uuid FROM subcategory WHERE category_name='Oral Care Accessories')
432928663;Wireless Bras;(SELECT uuid FROM subcategory WHERE category_name='Wireless Bras')
1267967836;Metal Bed Frames;(SELECT uuid FROM subcategory WHERE category_name='Metal Bed Frames')
189455189;Grains;(SELECT uuid FROM subcategory WHERE category_name='Grains')
284718781;White Scrubs;(SELECT uuid FROM subcategory WHERE category_name='White Scrubs')
887305646;Hot Cereal & Grits;(SELECT uuid FROM subcategory WHERE category_name='Hot Cereal & Grits')
1612728569;Cooling Sheets;(SELECT uuid FROM subcategory WHERE category_name='Cooling Sheets')
2785607950;White Sheets;(SELECT uuid FROM subcategory WHERE category_name='White Sheets')
152355819;Mens Robes;(SELECT uuid FROM subcategory WHERE category_name='Mens Robes')
2155265261;Colored Sheets;(SELECT uuid FROM subcategory WHERE category_name='Colored Sheets')
5323625259;Mens Casual Button Down Shirts;(SELECT uuid FROM subcategory WHERE category_name='Mens Casual Button Down Shirts')
690394981;Womens Dresses;(SELECT uuid FROM subcategory WHERE category_name='Womens Dresses')
569572519;Low Support;(SELECT uuid FROM subcategory WHERE category_name='Low Support')
1516694163;Low Support;(SELECT uuid FROM subcategory WHERE category_name='Low Support')
5606778747;Womens Pants;(SELECT uuid FROM subcategory WHERE category_name='Womens Pants')
390197017;Toddler Bedding Sets & Sheets;(SELECT uuid FROM subcategory WHERE category_name='Toddler Bedding Sets & Sheets')
3198736704;White Sheets;(SELECT uuid FROM subcategory WHERE category_name='White Sheets')
3402143185;Shop All Top-Rated Beauty;(SELECT uuid FROM subcategory WHERE category_name='Shop All Top-Rated Beauty')
5449602367;Mens Casual Button Down Shirts;(SELECT uuid FROM subcategory WHERE category_name='Mens Casual Button Down Shirts')
2430292245;Cooling Sheets;(SELECT uuid FROM subcategory WHERE category_name='Cooling Sheets')
5276023004;Hipsters;(SELECT uuid FROM subcategory WHERE category_name='Hipsters')
2006631791;Girls T Shirts;(SELECT uuid FROM subcategory WHERE category_name='Girls T Shirts')
2211422215;Baby Girls Clothing;(SELECT uuid FROM subcategory WHERE category_name='Baby Girls Clothing')
5333084803;Mens Casual Button Down Shirts;(SELECT uuid FROM subcategory WHERE category_name='Mens Casual Button Down Shirts')
2251005192;Plus Size Dresses;(SELECT uuid FROM subcategory WHERE category_name='Plus Size Dresses')
124194662;Lingerie Sets;(SELECT uuid FROM subcategory WHERE category_name='Lingerie Sets')
1511750291;Bed Skirts;(SELECT uuid FROM subcategory WHERE category_name='Bed Skirts')
5802524271;Womens Pants;(SELECT uuid FROM subcategory WHERE category_name='Womens Pants')
5182915849;Mens Boxer Briefs;(SELECT uuid FROM subcategory WHERE category_name='Mens Boxer Briefs')
963319137;Pajama Bottoms;(SELECT uuid FROM subcategory WHERE category_name='Pajama Bottoms')
952556801;Dinnerware & Serving Storage;(SELECT uuid FROM subcategory WHERE category_name='Dinnerware & Serving Storage')
25519827;Premium Cologne for Men;(SELECT uuid FROM subcategory WHERE category_name='Premium Cologne for Men')
643943322;Pajama Bottoms;(SELECT uuid FROM subcategory WHERE category_name='Pajama Bottoms')
1891114442;Girls Dresses;(SELECT uuid FROM subcategory WHERE category_name='Girls Dresses')
668480724;Bedding Sets;(SELECT uuid FROM subcategory WHERE category_name='Bedding Sets')
468030044;Plus Size Jeans;(SELECT uuid FROM subcategory WHERE category_name='Plus Size Jeans')
789503917;DreamBone;(SELECT uuid FROM subcategory WHERE category_name='DreamBone')
299112609;Water Flavoring;(SELECT uuid FROM subcategory WHERE category_name='Water Flavoring')
5491200472;Snack Bars;(SELECT uuid FROM subcategory WHERE category_name='Snack Bars')
3332740914;Plus Size Tunic Tops;(SELECT uuid FROM subcategory WHERE category_name='Plus Size Tunic Tops')
1727244137;Heating Mattress toppers;(SELECT uuid FROM subcategory WHERE category_name='Heating Mattress toppers')
788450043;Pajama Bottoms;(SELECT uuid FROM subcategory WHERE category_name='Pajama Bottoms')
310097871;Juniors Jeans;(SELECT uuid FROM subcategory WHERE category_name='Juniors Jeans')
5108346618;King Beds;(SELECT uuid FROM subcategory WHERE category_name='King Beds')
1469896755;Tshirts for Women;(SELECT uuid FROM subcategory WHERE category_name='Tshirts for Women')
2166765925;Womens Workwear Pants;(SELECT uuid FROM subcategory WHERE category_name='Womens Workwear Pants')
3400466863;Plus Size Jeans;(SELECT uuid FROM subcategory WHERE category_name='Plus Size Jeans')
958386224;Womens Slip on Sneakers;(SELECT uuid FROM subcategory WHERE category_name='Womens Slip on Sneakers')
14123516;Pantry staples;(SELECT uuid FROM subcategory WHERE category_name='Pantry staples')
1638119585;Colored Sheets;(SELECT uuid FROM subcategory WHERE category_name='Colored Sheets')
3408509128;Deep Conditioner;(SELECT uuid FROM subcategory WHERE category_name='Deep Conditioner')
306465658;Medium Roast Coffee;(SELECT uuid FROM subcategory WHERE category_name='Medium Roast Coffee')
546469522;Juniors Rompers & Jumpsuits;(SELECT uuid FROM subcategory WHERE category_name='Juniors Rompers & Jumpsuits')
2969593587;Womens Panties;(SELECT uuid FROM subcategory WHERE category_name='Womens Panties')
654199125;Womens One-piece Swimsuits;(SELECT uuid FROM subcategory WHERE category_name='Womens One-piece Swimsuits')
2544735639;Bed In A Bag;(SELECT uuid FROM subcategory WHERE category_name='Bed In A Bag')
537359758;Womens Booties;(SELECT uuid FROM subcategory WHERE category_name='Womens Booties')
254849903;Colored Sheets;(SELECT uuid FROM subcategory WHERE category_name='Colored Sheets')
871349337;Size 4 Diapers;(SELECT uuid FROM subcategory WHERE category_name='Size 4 Diapers')
10308385;Seasoning mixes & blends;(SELECT uuid FROM subcategory WHERE category_name='Seasoning mixes & blends')
1336755092;Trading Card Binders & Sleeves;(SELECT uuid FROM subcategory WHERE category_name='Trading Card Binders & Sleeves')
393101003;Mens Styling Products;(SELECT uuid FROM subcategory WHERE category_name='Mens Styling Products')
790279534;Plus Size Activewear;(SELECT uuid FROM subcategory WHERE category_name='Plus Size Activewear')
372849596;Bathroom Sets;(SELECT uuid FROM subcategory WHERE category_name='Bathroom Sets')
5070152382;Womens Footbed Sandals;(SELECT uuid FROM subcategory WHERE category_name='Womens Footbed Sandals')
514417561;Boys Athletic Shoes;(SELECT uuid FROM subcategory WHERE category_name='Boys Athletic Shoes')
2547269854;Cat Litter Mats;(SELECT uuid FROM subcategory WHERE category_name='Cat Litter Mats')
302630622;Womens Shoes;(SELECT uuid FROM subcategory WHERE category_name='Womens Shoes')
5205925876;Womens Cropped Jeans;(SELECT uuid FROM subcategory WHERE category_name='Womens Cropped Jeans')
5178800099;Canopies;(SELECT uuid FROM subcategory WHERE category_name='Canopies')
24190989;All Cat Food;(SELECT uuid FROM subcategory WHERE category_name='All Cat Food')
354688867;Desk Chairs;(SELECT uuid FROM subcategory WHERE category_name='Desk Chairs')
5090851666;Reebok Mens Shoes;(SELECT uuid FROM subcategory WHERE category_name='Reebok Mens Shoes')
634290741;Big and Tall Polo Shirts;(SELECT uuid FROM subcategory WHERE category_name='Big and Tall Polo Shirts')
971135787;Womens Bootie Slippers;(SELECT uuid FROM subcategory WHERE category_name='Womens Bootie Slippers')
3926647654;Plus Size Tops;(SELECT uuid FROM subcategory WHERE category_name='Plus Size Tops')
5016880831;Womens Sweatshirts & Hoodies;(SELECT uuid FROM subcategory WHERE category_name='Womens Sweatshirts & Hoodies')
3423574153;All Dog Gates;(SELECT uuid FROM subcategory WHERE category_name='All Dog Gates')
5000566387;Plus Size Tops;(SELECT uuid FROM subcategory WHERE category_name='Plus Size Tops')
3944381326;Plus Size Tops;(SELECT uuid FROM subcategory WHERE category_name='Plus Size Tops')
638069385;Big and Tall Polo Shirts;(SELECT uuid FROM subcategory WHERE category_name='Big and Tall Polo Shirts')
5271677233;Womens Tank Tops;(SELECT uuid FROM subcategory WHERE category_name='Womens Tank Tops')
1954681481;Plus Size Tops;(SELECT uuid FROM subcategory WHERE category_name='Plus Size Tops')
578943868;Womens Flip Flops;(SELECT uuid FROM subcategory WHERE category_name='Womens Flip Flops')
5662896790;Native Deodorant;(SELECT uuid FROM subcategory WHERE category_name='Native Deodorant')
5053396247;Womens Sweatshirts & Hoodies;(SELECT uuid FROM subcategory WHERE category_name='Womens Sweatshirts & Hoodies')
1184654530;Plus Size Pants;(SELECT uuid FROM subcategory WHERE category_name='Plus Size Pants')
6925859211;Plus Size Pants;(SELECT uuid FROM subcategory WHERE category_name='Plus Size Pants')
939136581;Plus Size Tops;(SELECT uuid FROM subcategory WHERE category_name='Plus Size Tops')
640049137;Mens Athletic Shoes;(SELECT uuid FROM subcategory WHERE category_name='Mens Athletic Shoes')
232510830;Womens Over the Knee Boots;(SELECT uuid FROM subcategory WHERE category_name='Womens Over the Knee Boots')
587530794;King Mattresses;(SELECT uuid FROM subcategory WHERE category_name='King Mattresses')
910055282;Mineral Sunscreen;(SELECT uuid FROM subcategory WHERE category_name='Mineral Sunscreen')
717290810;Womens Dresses;(SELECT uuid FROM subcategory WHERE category_name='Womens Dresses')
5352569431;Wallets;(SELECT uuid FROM subcategory WHERE category_name='Wallets')
5045669548;Kids Quilts;(SELECT uuid FROM subcategory WHERE category_name='Kids Quilts')
2294150264;Womens Denim Overalls;(SELECT uuid FROM subcategory WHERE category_name='Womens Denim Overalls')
1549187083;Womens Casual Shoes;(SELECT uuid FROM subcategory WHERE category_name='Womens Casual Shoes')
736753147;New in peanut butter and spreads;(SELECT uuid FROM subcategory WHERE category_name='New in peanut butter and spreads')
283296798;Womens Casual Shoes;(SELECT uuid FROM subcategory WHERE category_name='Womens Casual Shoes')
5292666872;Colored Sheets;(SELECT uuid FROM subcategory WHERE category_name='Colored Sheets')
789911031;Whitening Toothpaste;(SELECT uuid FROM subcategory WHERE category_name='Whitening Toothpaste')
5287761425;Womens Tank Tops;(SELECT uuid FROM subcategory WHERE category_name='Womens Tank Tops')
904020893;Floor Decor;(SELECT uuid FROM subcategory WHERE category_name='Floor Decor')
225313738;Plus Size Tops;(SELECT uuid FROM subcategory WHERE category_name='Plus Size Tops')
1560005587;Womens Plus Skirts;(SELECT uuid FROM subcategory WHERE category_name='Womens Plus Skirts')
301370849;Womens Plus Skirts;(SELECT uuid FROM subcategory WHERE category_name='Womens Plus Skirts')
5097979850;Couch Covers;(SELECT uuid FROM subcategory WHERE category_name='Couch Covers')
180450545;Womens Mid Calf Boots;(SELECT uuid FROM subcategory WHERE category_name='Womens Mid Calf Boots')
943189923;Baby Girls Clothing;(SELECT uuid FROM subcategory WHERE category_name='Baby Girls Clothing')
124061797;Boys Tshirts;(SELECT uuid FROM subcategory WHERE category_name='Boys Tshirts')
3483895520;For you Health & Beauty;(SELECT uuid FROM subcategory WHERE category_name='For you Health & Beauty')
1722962454;Party Dresses;(SELECT uuid FROM subcategory WHERE category_name='Party Dresses')
2484456235;Shop Curtains;(SELECT uuid FROM subcategory WHERE category_name='Shop Curtains')
859305074;Womens Plus Swimsuits;(SELECT uuid FROM subcategory WHERE category_name='Womens Plus Swimsuits')
1974609871;Casual Dresses;(SELECT uuid FROM subcategory WHERE category_name='Casual Dresses')
3280135427;Colored Sheets;(SELECT uuid FROM subcategory WHERE category_name='Colored Sheets')
1615288442;Womens Jumpsuits;(SELECT uuid FROM subcategory WHERE category_name='Womens Jumpsuits')
1540786817;Womens Jumpsuits;(SELECT uuid FROM subcategory WHERE category_name='Womens Jumpsuits')
2089818094;Colored Sheets;(SELECT uuid FROM subcategory WHERE category_name='Colored Sheets')
369367315;All Dog Dental Care;(SELECT uuid FROM subcategory WHERE category_name='All Dog Dental Care')
1215580783;Mens Workout Shorts;(SELECT uuid FROM subcategory WHERE category_name='Mens Workout Shorts')
1529931788;Casual Dresses;(SELECT uuid FROM subcategory WHERE category_name='Casual Dresses')
1184268274;Toddler Boys Swim Trunks;(SELECT uuid FROM subcategory WHERE category_name='Toddler Boys Swim Trunks')
2113674813;Black Curtains;(SELECT uuid FROM subcategory WHERE category_name='Black Curtains')
2389607103;Ready to heat soup;(SELECT uuid FROM subcategory WHERE category_name='Ready to heat soup')
1071546830;Party Dresses;(SELECT uuid FROM subcategory WHERE category_name='Party Dresses')
2005313526;Sateen Sheets;(SELECT uuid FROM subcategory WHERE category_name='Sateen Sheets')
2809076142;Shop Curtains;(SELECT uuid FROM subcategory WHERE category_name='Shop Curtains')
3069399905;Baby Girls Casual Dresses;(SELECT uuid FROM subcategory WHERE category_name='Baby Girls Casual Dresses')
5684704635;Anniversary Rings;(SELECT uuid FROM subcategory WHERE category_name='Anniversary Rings')
956751660;Wireless Bras;(SELECT uuid FROM subcategory WHERE category_name='Wireless Bras')
391028302;Shop All Fabric;(SELECT uuid FROM subcategory WHERE category_name='Shop All Fabric')
5264765893;Plus Size Sweaters;(SELECT uuid FROM subcategory WHERE category_name='Plus Size Sweaters')
5318876832;Plus Size Pants;(SELECT uuid FROM subcategory WHERE category_name='Plus Size Pants')
627797299;Outdoor Dog Beds;(SELECT uuid FROM subcategory WHERE category_name='Outdoor Dog Beds')
887578061;Womens Tank Tops;(SELECT uuid FROM subcategory WHERE category_name='Womens Tank Tops')
3808974443;Wireless Printers;(SELECT uuid FROM subcategory WHERE category_name='Wireless Printers')
242303426;Meal Replacements;(SELECT uuid FROM subcategory WHERE category_name='Meal Replacements')
1447301850;Reebok Womens Socks;(SELECT uuid FROM subcategory WHERE category_name='Reebok Womens Socks')
334681808;Womens Shoes;(SELECT uuid FROM subcategory WHERE category_name='Womens Shoes')
475973491;Mens Workout Shorts;(SELECT uuid FROM subcategory WHERE category_name='Mens Workout Shorts')
806310789;Womens Dresses;(SELECT uuid FROM subcategory WHERE category_name='Womens Dresses')
588404711;Womens Boyfriend Jeans;(SELECT uuid FROM subcategory WHERE category_name='Womens Boyfriend Jeans')
10291017;Pantry staples;(SELECT uuid FROM subcategory WHERE category_name='Pantry staples')
1825469871;Shop All Doormats;(SELECT uuid FROM subcategory WHERE category_name='Shop All Doormats')
5033822215;Colored Sheets;(SELECT uuid FROM subcategory WHERE category_name='Colored Sheets')
260485781;Memory Foam Mattresses;(SELECT uuid FROM subcategory WHERE category_name='Memory Foam Mattresses')
293568564;Juniors Blouses & Shirts;(SELECT uuid FROM subcategory WHERE category_name='Juniors Blouses & Shirts')
1649464157;Midi Dresses;(SELECT uuid FROM subcategory WHERE category_name='Midi Dresses')
2320713397;Womens Sweaters;(SELECT uuid FROM subcategory WHERE category_name='Womens Sweaters')
10321730;Condensed soup;(SELECT uuid FROM subcategory WHERE category_name='Condensed soup')
5075703391;Bed Blankets;(SELECT uuid FROM subcategory WHERE category_name='Bed Blankets')
5117551291;Kids Towels;(SELECT uuid FROM subcategory WHERE category_name='Kids Towels')
391736091;Outdoor Chaise Lounges;(SELECT uuid FROM subcategory WHERE category_name='Outdoor Chaise Lounges')
247655086;Quilt Sets;(SELECT uuid FROM subcategory WHERE category_name='Quilt Sets')
661900017;Mens Hoodies;(SELECT uuid FROM subcategory WHERE category_name='Mens Hoodies')
1995467623;Womens Water Shoes;(SELECT uuid FROM subcategory WHERE category_name='Womens Water Shoes')
5399113664;Young Adult Swimsuits;(SELECT uuid FROM subcategory WHERE category_name='Young Adult Swimsuits')
5255852824;Womens Tops;(SELECT uuid FROM subcategory WHERE category_name='Womens Tops')
5296247194;Young Adult Swimsuits;(SELECT uuid FROM subcategory WHERE category_name='Young Adult Swimsuits')
22374157;Static Guard;(SELECT uuid FROM subcategory WHERE category_name='Static Guard')
5062553620;Dry Mouth Mouthwash;(SELECT uuid FROM subcategory WHERE category_name='Dry Mouth Mouthwash')
5334053510;All Runner Rugs;(SELECT uuid FROM subcategory WHERE category_name='All Runner Rugs')
3329480014;Womens Sweaters;(SELECT uuid FROM subcategory WHERE category_name='Womens Sweaters')
5438189890;Baby Boys Dressy Outfit Sets;(SELECT uuid FROM subcategory WHERE category_name='Baby Boys Dressy Outfit Sets')
3139034210;Womens Sweaters;(SELECT uuid FROM subcategory WHERE category_name='Womens Sweaters')
411359040;All Makeup;(SELECT uuid FROM subcategory WHERE category_name='All Makeup')
430528189;Blackout Curtains;(SELECT uuid FROM subcategory WHERE category_name='Blackout Curtains')
2138573500;Shoe Racks;(SELECT uuid FROM subcategory WHERE category_name='Shoe Racks')
1323968162;Maternity T-Shirts;(SELECT uuid FROM subcategory WHERE category_name='Maternity T-Shirts')
1596170774;Womens Tops;(SELECT uuid FROM subcategory WHERE category_name='Womens Tops')
1094272697;Mens Workout Shorts;(SELECT uuid FROM subcategory WHERE category_name='Mens Workout Shorts')
680639889;Mens Workout Shirts;(SELECT uuid FROM subcategory WHERE category_name='Mens Workout Shirts')
141988874;Fruit of the Loom Mens T-Shirts;(SELECT uuid FROM subcategory WHERE category_name='Fruit of the Loom Mens T-Shirts')
5260989718;Womens Bucket Hats;(SELECT uuid FROM subcategory WHERE category_name='Womens Bucket Hats')
173530386;Eye Shadow Stick;(SELECT uuid FROM subcategory WHERE category_name='Eye Shadow Stick')
179112912;Beta Carotene;(SELECT uuid FROM subcategory WHERE category_name='Beta Carotene')
1808782059;Cooling Sheets;(SELECT uuid FROM subcategory WHERE category_name='Cooling Sheets')
2608501628;Cooling Sheets;(SELECT uuid FROM subcategory WHERE category_name='Cooling Sheets')
2716531748;Mens Shorts;(SELECT uuid FROM subcategory WHERE category_name='Mens Shorts')
1696601956;Cooling Sheets;(SELECT uuid FROM subcategory WHERE category_name='Cooling Sheets')
1578815246;Womens Pajama Sets;(SELECT uuid FROM subcategory WHERE category_name='Womens Pajama Sets')
507995811;Plus Size Tops;(SELECT uuid FROM subcategory WHERE category_name='Plus Size Tops')
1766457787;Womens Shorts;(SELECT uuid FROM subcategory WHERE category_name='Womens Shorts')
5242746669;Shop all kids;(SELECT uuid FROM subcategory WHERE category_name='Shop all kids')
1923891914;Cooling Sheets;(SELECT uuid FROM subcategory WHERE category_name='Cooling Sheets')
615343705;Mens Tuxedos;(SELECT uuid FROM subcategory WHERE category_name='Mens Tuxedos')
751000864;Plus Size Tops;(SELECT uuid FROM subcategory WHERE category_name='Plus Size Tops')
2296809880;Girls Birthday Outfits;(SELECT uuid FROM subcategory WHERE category_name='Girls Birthday Outfits')
1580280605;All Kids Costumes & Dress-Up;(SELECT uuid FROM subcategory WHERE category_name='All Kids Costumes & Dress-Up')
3155849704;Cooling Sheets;(SELECT uuid FROM subcategory WHERE category_name='Cooling Sheets')
894966089;Womens Espadrille Sandals;(SELECT uuid FROM subcategory WHERE category_name='Womens Espadrille Sandals')
2007056084;Cooling Sheets;(SELECT uuid FROM subcategory WHERE category_name='Cooling Sheets')
5580712192;Womens Footbed Sandals;(SELECT uuid FROM subcategory WHERE category_name='Womens Footbed Sandals')
5459864163;Girls Skirts and Scooters;(SELECT uuid FROM subcategory WHERE category_name='Girls Skirts and Scooters')
25997723;Premium Cologne for Men;(SELECT uuid FROM subcategory WHERE category_name='Premium Cologne for Men')
821774391;Womens Casual Shoes;(SELECT uuid FROM subcategory WHERE category_name='Womens Casual Shoes')
2178343909;Womens Blouses;(SELECT uuid FROM subcategory WHERE category_name='Womens Blouses')
141383946;Womens Tops;(SELECT uuid FROM subcategory WHERE category_name='Womens Tops')
46108209;Cleansing;(SELECT uuid FROM subcategory WHERE category_name='Cleansing')
5016845519;Plus Size Tops;(SELECT uuid FROM subcategory WHERE category_name='Plus Size Tops')
990338209;All Halloween Candy;(SELECT uuid FROM subcategory WHERE category_name='All Halloween Candy')
663403068;All Halloween Candy;(SELECT uuid FROM subcategory WHERE category_name='All Halloween Candy')
5091583903;Bed Pillows;(SELECT uuid FROM subcategory WHERE category_name='Bed Pillows')
5439347407;Adult Electric Scooters;(SELECT uuid FROM subcategory WHERE category_name='Adult Electric Scooters')
885092913;Campbells;(SELECT uuid FROM subcategory WHERE category_name='Campbells')
707869062;Womens Flip Flops;(SELECT uuid FROM subcategory WHERE category_name='Womens Flip Flops')
716834839;Womens Blouses;(SELECT uuid FROM subcategory WHERE category_name='Womens Blouses')
5043424192;Young Adult Sweatshirts & Hoodies;(SELECT uuid FROM subcategory WHERE category_name='Young Adult Sweatshirts & Hoodies')
136966561;Underwire Bras;(SELECT uuid FROM subcategory WHERE category_name='Underwire Bras')
294612862;Boys Pajama Sets;(SELECT uuid FROM subcategory WHERE category_name='Boys Pajama Sets')
824154912;Plus Size Tshirts;(SELECT uuid FROM subcategory WHERE category_name='Plus Size Tshirts')
908232424;Eyelash Enhancer;(SELECT uuid FROM subcategory WHERE category_name='Eyelash Enhancer')
35950141;Pets Subscription;(SELECT uuid FROM subcategory WHERE category_name='Pets Subscription')
1093743201;Bed Blankets;(SELECT uuid FROM subcategory WHERE category_name='Bed Blankets')
112580004;Boxed christmas chocolate;(SELECT uuid FROM subcategory WHERE category_name='Boxed christmas chocolate')
5263061952;Plus Size Dresses;(SELECT uuid FROM subcategory WHERE category_name='Plus Size Dresses')
1317394371;Mens Sweatpants;(SELECT uuid FROM subcategory WHERE category_name='Mens Sweatpants')
5154946825;Fruit of the Loom Boxer Briefs;(SELECT uuid FROM subcategory WHERE category_name='Fruit of the Loom Boxer Briefs')
3046604016;9 Drawer Dressers;(SELECT uuid FROM subcategory WHERE category_name='9 Drawer Dressers')
1840696696;Womens Blouses;(SELECT uuid FROM subcategory WHERE category_name='Womens Blouses')
1674361964;Cardigans for Women;(SELECT uuid FROM subcategory WHERE category_name='Cardigans for Women')
5661609857;Auburn Hair Color;(SELECT uuid FROM subcategory WHERE category_name='Auburn Hair Color')
565404638;Desk Chairs;(SELECT uuid FROM subcategory WHERE category_name='Desk Chairs')
46280772;Hand Creams;(SELECT uuid FROM subcategory WHERE category_name='Hand Creams')
494669579;Wireless Bras;(SELECT uuid FROM subcategory WHERE category_name='Wireless Bras')
230846860;Shop All Teens Bedding;(SELECT uuid FROM subcategory WHERE category_name='Shop All Teens Bedding')
676413174;Boys Socks;(SELECT uuid FROM subcategory WHERE category_name='Boys Socks')
5201103967;Liquid Foundation;(SELECT uuid FROM subcategory WHERE category_name='Liquid Foundation')
482608909;Plus Size Activewear;(SELECT uuid FROM subcategory WHERE category_name='Plus Size Activewear')
45091502;Shop Curtains;(SELECT uuid FROM subcategory WHERE category_name='Shop Curtains')
5155961106;Mens Pajama Sets;(SELECT uuid FROM subcategory WHERE category_name='Mens Pajama Sets')
5157204153;Mens Pajama Sets;(SELECT uuid FROM subcategory WHERE category_name='Mens Pajama Sets')
132075558;Medgear Scrubs;(SELECT uuid FROM subcategory WHERE category_name='Medgear Scrubs')
5267464734;Shop All Slow Cookers;(SELECT uuid FROM subcategory WHERE category_name='Shop All Slow Cookers')
3331024751;Bathroom Cleaners;(SELECT uuid FROM subcategory WHERE category_name='Bathroom Cleaners')
144433429;Down Alternative Comforters;(SELECT uuid FROM subcategory WHERE category_name='Down Alternative Comforters')
145946079;Womens Panties;(SELECT uuid FROM subcategory WHERE category_name='Womens Panties')
413714617;Womens Bras;(SELECT uuid FROM subcategory WHERE category_name='Womens Bras')
1160636802;Mens Thermal Underwear;(SELECT uuid FROM subcategory WHERE category_name='Mens Thermal Underwear')
5506488018;Girls Uniform Bottoms;(SELECT uuid FROM subcategory WHERE category_name='Girls Uniform Bottoms')
5618790028;Womens Bras;(SELECT uuid FROM subcategory WHERE category_name='Womens Bras')
1746644909;Wireless Bras;(SELECT uuid FROM subcategory WHERE category_name='Wireless Bras')
5437274320;Womens Swimsuit Tops;(SELECT uuid FROM subcategory WHERE category_name='Womens Swimsuit Tops')
1133249439;Womens Blouses;(SELECT uuid FROM subcategory WHERE category_name='Womens Blouses')
162048057;Pillowcases;(SELECT uuid FROM subcategory WHERE category_name='Pillowcases')
784549946;Boys Gloves & Mittens;(SELECT uuid FROM subcategory WHERE category_name='Boys Gloves & Mittens')
1184748900;Plus Size Tops;(SELECT uuid FROM subcategory WHERE category_name='Plus Size Tops')
410834007;Stilettos;(SELECT uuid FROM subcategory WHERE category_name='Stilettos')
5446692947;Womens Athletic Shorts;(SELECT uuid FROM subcategory WHERE category_name='Womens Athletic Shorts')
2212970912;High Support;(SELECT uuid FROM subcategory WHERE category_name='High Support')
348229800;Stilettos;(SELECT uuid FROM subcategory WHERE category_name='Stilettos')
819152370;Plus Size Loungewear;(SELECT uuid FROM subcategory WHERE category_name='Plus Size Loungewear')
5202943775;Womens Blouses;(SELECT uuid FROM subcategory WHERE category_name='Womens Blouses')
1624985447;Ice Cream Bars;(SELECT uuid FROM subcategory WHERE category_name='Ice Cream Bars')
5259156723;Womens Blouses;(SELECT uuid FROM subcategory WHERE category_name='Womens Blouses')
5619052041;Mens Pants;(SELECT uuid FROM subcategory WHERE category_name='Mens Pants')
3855217628;Reebok Womens Socks;(SELECT uuid FROM subcategory WHERE category_name='Reebok Womens Socks')
273178513;Plus Size Jeans;(SELECT uuid FROM subcategory WHERE category_name='Plus Size Jeans')
1098927823;Hanes Mens T-Shirts;(SELECT uuid FROM subcategory WHERE category_name='Hanes Mens T-Shirts')
188574478;Womens Panties;(SELECT uuid FROM subcategory WHERE category_name='Womens Panties')
2930335791;Comforter Sets;(SELECT uuid FROM subcategory WHERE category_name='Comforter Sets')
287819116;Mens Cargo Shorts;(SELECT uuid FROM subcategory WHERE category_name='Mens Cargo Shorts')
3230824340;Mens Cargo Shorts;(SELECT uuid FROM subcategory WHERE category_name='Mens Cargo Shorts')
2812601267;Workout Leggings;(SELECT uuid FROM subcategory WHERE category_name='Workout Leggings')
5456564238;Womens Blouses;(SELECT uuid FROM subcategory WHERE category_name='Womens Blouses')
10294756;Canned fruit;(SELECT uuid FROM subcategory WHERE category_name='Canned fruit')
283514640;Womens Shoes;(SELECT uuid FROM subcategory WHERE category_name='Womens Shoes')
2747441586;Womens Sweaters;(SELECT uuid FROM subcategory WHERE category_name='Womens Sweaters')
1178468491;Quilt Sets;(SELECT uuid FROM subcategory WHERE category_name='Quilt Sets')
5235534483;Plus Size Tops;(SELECT uuid FROM subcategory WHERE category_name='Plus Size Tops')
45696491;Hand Creams;(SELECT uuid FROM subcategory WHERE category_name='Hand Creams')
1127823001;Quilt Sets;(SELECT uuid FROM subcategory WHERE category_name='Quilt Sets')
3570466301;Womens Workwear Sweaters;(SELECT uuid FROM subcategory WHERE category_name='Womens Workwear Sweaters')
293084792;Upholstered Headboards;(SELECT uuid FROM subcategory WHERE category_name='Upholstered Headboards')
3876384696;Shop all Massagers;(SELECT uuid FROM subcategory WHERE category_name='Shop all Massagers')
5353145797;Belts;(SELECT uuid FROM subcategory WHERE category_name='Belts')
3767897669;Womens Athletic Shorts;(SELECT uuid FROM subcategory WHERE category_name='Womens Athletic Shorts')
2409305560;Mattress Toppers;(SELECT uuid FROM subcategory WHERE category_name='Mattress Toppers')
34203165;Pets Subscription;(SELECT uuid FROM subcategory WHERE category_name='Pets Subscription')
199440001;Clean & Clear;(SELECT uuid FROM subcategory WHERE category_name='Clean & Clear')
102593173;Mens Workout Shirts;(SELECT uuid FROM subcategory WHERE category_name='Mens Workout Shirts')
283928117;Womens Booties;(SELECT uuid FROM subcategory WHERE category_name='Womens Booties')
5246848011;Plus Size Tops;(SELECT uuid FROM subcategory WHERE category_name='Plus Size Tops')
5057611924;Maternity Blouses & Shirts;(SELECT uuid FROM subcategory WHERE category_name='Maternity Blouses & Shirts')
182543171;Chocolate Bars;(SELECT uuid FROM subcategory WHERE category_name='Chocolate Bars')
356494621;Underwire Bras;(SELECT uuid FROM subcategory WHERE category_name='Underwire Bras')
484579696;Clearance Outdoor Cooking;(SELECT uuid FROM subcategory WHERE category_name='Clearance Outdoor Cooking')
2363655537;Colored Sheets;(SELECT uuid FROM subcategory WHERE category_name='Colored Sheets')
891036133;Throw Pillow Covers;(SELECT uuid FROM subcategory WHERE category_name='Throw Pillow Covers')
3099936296;Colored Sheets;(SELECT uuid FROM subcategory WHERE category_name='Colored Sheets')
2200709686;Shop Curtains;(SELECT uuid FROM subcategory WHERE category_name='Shop Curtains')
3927553601;Cooling Sheets;(SELECT uuid FROM subcategory WHERE category_name='Cooling Sheets')
921078120;Mens Work Uniforms;(SELECT uuid FROM subcategory WHERE category_name='Mens Work Uniforms')
431812530;Mens Pants;(SELECT uuid FROM subcategory WHERE category_name='Mens Pants')
2766690588;Casual Dresses;(SELECT uuid FROM subcategory WHERE category_name='Casual Dresses')
969756484;Casual Dresses;(SELECT uuid FROM subcategory WHERE category_name='Casual Dresses')
3096395012;Colored Sheets;(SELECT uuid FROM subcategory WHERE category_name='Colored Sheets')
2399732101;Plastic Outdoor Rugs;(SELECT uuid FROM subcategory WHERE category_name='Plastic Outdoor Rugs')
1432750193;Lingerie Sets;(SELECT uuid FROM subcategory WHERE category_name='Lingerie Sets')
2474453493;Shop Curtains;(SELECT uuid FROM subcategory WHERE category_name='Shop Curtains')
3638167663;Colored Sheets;(SELECT uuid FROM subcategory WHERE category_name='Colored Sheets')
408608184;Hand Soaps;(SELECT uuid FROM subcategory WHERE category_name='Hand Soaps')
845174402;Hand Soaps;(SELECT uuid FROM subcategory WHERE category_name='Hand Soaps')
348784401;Plus Size Lingerie;(SELECT uuid FROM subcategory WHERE category_name='Plus Size Lingerie')
2406844307;Mens Casual Button Down Shirts;(SELECT uuid FROM subcategory WHERE category_name='Mens Casual Button Down Shirts')
1774925941;Sateen Sheets;(SELECT uuid FROM subcategory WHERE category_name='Sateen Sheets')
5530831029;Bedding Sets;(SELECT uuid FROM subcategory WHERE category_name='Bedding Sets')
1357206123;Bed Sheets;(SELECT uuid FROM subcategory WHERE category_name='Bed Sheets')
674437651;Underwire Bras;(SELECT uuid FROM subcategory WHERE category_name='Underwire Bras')
261700925;All Runner Rugs;(SELECT uuid FROM subcategory WHERE category_name='All Runner Rugs')
150973791;All Runner Rugs;(SELECT uuid FROM subcategory WHERE category_name='All Runner Rugs')
437491833;Sandals & Flip-Flops;(SELECT uuid FROM subcategory WHERE category_name='Sandals & Flip-Flops')
5664556275;Garnier Hair Care;(SELECT uuid FROM subcategory WHERE category_name='Garnier Hair Care')
5116316140;Womens Pajama Sets;(SELECT uuid FROM subcategory WHERE category_name='Womens Pajama Sets')
6077957065;Womens Nightshirts & Gowns;(SELECT uuid FROM subcategory WHERE category_name='Womens Nightshirts & Gowns')
2890664646;Socks;(SELECT uuid FROM subcategory WHERE category_name='Socks')
10997171;All Mascara;(SELECT uuid FROM subcategory WHERE category_name='All Mascara')
3440558193;Cocokind;(SELECT uuid FROM subcategory WHERE category_name='Cocokind')
1685004864;Anti-Fatigue Mats;(SELECT uuid FROM subcategory WHERE category_name='Anti-Fatigue Mats')
3813188391;Tshirts for Women;(SELECT uuid FROM subcategory WHERE category_name='Tshirts for Women')
1932369237;Duvet Covers;(SELECT uuid FROM subcategory WHERE category_name='Duvet Covers')
5205738441;Womens Casual Shoes;(SELECT uuid FROM subcategory WHERE category_name='Womens Casual Shoes')
522908316;Workout Leggings;(SELECT uuid FROM subcategory WHERE category_name='Workout Leggings')
944493507;Shop Curtains;(SELECT uuid FROM subcategory WHERE category_name='Shop Curtains')
925909118;Pillowcases;(SELECT uuid FROM subcategory WHERE category_name='Pillowcases')
1242706991;Womens Plus Skirts;(SELECT uuid FROM subcategory WHERE category_name='Womens Plus Skirts')
229653852;Kites;(SELECT uuid FROM subcategory WHERE category_name='Kites')
194099996;All Runner Rugs;(SELECT uuid FROM subcategory WHERE category_name='All Runner Rugs')
867415088;Queen Comforters;(SELECT uuid FROM subcategory WHERE category_name='Queen Comforters')
1179986474;Shop Curtains;(SELECT uuid FROM subcategory WHERE category_name='Shop Curtains')
781490570;Mens Disney Tees;(SELECT uuid FROM subcategory WHERE category_name='Mens Disney Tees')
435835263;Plus Size Activewear;(SELECT uuid FROM subcategory WHERE category_name='Plus Size Activewear')
689096319;Metallic Decorative Baking;(SELECT uuid FROM subcategory WHERE category_name='Metallic Decorative Baking')
215916201;Womens Petite Plus Size;(SELECT uuid FROM subcategory WHERE category_name='Womens Petite Plus Size')
141757585;Boys Swim Trunks;(SELECT uuid FROM subcategory WHERE category_name='Boys Swim Trunks')
953950834;Mens Pajama Bottoms;(SELECT uuid FROM subcategory WHERE category_name='Mens Pajama Bottoms')
3830058162;Cooling Sheets;(SELECT uuid FROM subcategory WHERE category_name='Cooling Sheets')
795932094;All Area Rugs;(SELECT uuid FROM subcategory WHERE category_name='All Area Rugs')
2844883584;Bodycon Dresses;(SELECT uuid FROM subcategory WHERE category_name='Bodycon Dresses')
5570308806;Womens Workwear Blouses;(SELECT uuid FROM subcategory WHERE category_name='Womens Workwear Blouses')
120531433;Block Heels;(SELECT uuid FROM subcategory WHERE category_name='Block Heels')
711383103;Plus Size Activewear;(SELECT uuid FROM subcategory WHERE category_name='Plus Size Activewear')
5464166617;Womens Athletic Shorts;(SELECT uuid FROM subcategory WHERE category_name='Womens Athletic Shorts')
486462188;Workout Leggings;(SELECT uuid FROM subcategory WHERE category_name='Workout Leggings')
2978837194;Lingerie Sets;(SELECT uuid FROM subcategory WHERE category_name='Lingerie Sets')
1734365938;Baby Girls Bodysuits;(SELECT uuid FROM subcategory WHERE category_name='Baby Girls Bodysuits')
943193551;Womens Tank Tops;(SELECT uuid FROM subcategory WHERE category_name='Womens Tank Tops')
1613734417;Womens Dresses;(SELECT uuid FROM subcategory WHERE category_name='Womens Dresses')
5054051408;Womens Casual Shoes;(SELECT uuid FROM subcategory WHERE category_name='Womens Casual Shoes')
3772538778;Big and Tall Workout Shorts;(SELECT uuid FROM subcategory WHERE category_name='Big and Tall Workout Shorts')
1914959787;Girls Dresses;(SELECT uuid FROM subcategory WHERE category_name='Girls Dresses')
1985101100;Girls Dresses;(SELECT uuid FROM subcategory WHERE category_name='Girls Dresses')
603804009;Gold Earrings;(SELECT uuid FROM subcategory WHERE category_name='Gold Earrings')
913982677;Plus Size Jeans;(SELECT uuid FROM subcategory WHERE category_name='Plus Size Jeans')
5193241215;NYX Professional Eye Makeup;(SELECT uuid FROM subcategory WHERE category_name='NYX Professional Eye Makeup')
5168273880;Plus Size Underwire Bras;(SELECT uuid FROM subcategory WHERE category_name='Plus Size Underwire Bras')
5130393284;Plus Size Underwire Bras;(SELECT uuid FROM subcategory WHERE category_name='Plus Size Underwire Bras')
366367982;Snow Cone Syrup;(SELECT uuid FROM subcategory WHERE category_name='Snow Cone Syrup')
2842158715;Mens Workout Pants;(SELECT uuid FROM subcategory WHERE category_name='Mens Workout Pants')
794414806;Womens Tank Tops;(SELECT uuid FROM subcategory WHERE category_name='Womens Tank Tops')
3599349614;Mens Workout Pants;(SELECT uuid FROM subcategory WHERE category_name='Mens Workout Pants')
5002982468;Jockey Panties;(SELECT uuid FROM subcategory WHERE category_name='Jockey Panties')
6292721825;All Area Rugs;(SELECT uuid FROM subcategory WHERE category_name='All Area Rugs')
472338698;Mens Slim Fit Jeans;(SELECT uuid FROM subcategory WHERE category_name='Mens Slim Fit Jeans')
512809025;Underwire Bras;(SELECT uuid FROM subcategory WHERE category_name='Underwire Bras')
1589505386;Block Heels;(SELECT uuid FROM subcategory WHERE category_name='Block Heels')
10309083;Red Hair Dye;(SELECT uuid FROM subcategory WHERE category_name='Red Hair Dye')
3588670272;Toddler Sandals;(SELECT uuid FROM subcategory WHERE category_name='Toddler Sandals')
40329655;Boys Tshirts;(SELECT uuid FROM subcategory WHERE category_name='Boys Tshirts')
877815391;Outdoor Tablecloths;(SELECT uuid FROM subcategory WHERE category_name='Outdoor Tablecloths')
331844620;Colored Sheets;(SELECT uuid FROM subcategory WHERE category_name='Colored Sheets')
373130680;Plus Size Jeans;(SELECT uuid FROM subcategory WHERE category_name='Plus Size Jeans')
